vendor_id,passenger_count,trip_distance,fare_amount,extra,mta_tax,tip_amount,tolls_amount,imp_surcharge,total_amount
3,1,4.94,16.5,0.5,0.5,1.78,0.0,0.3,19.58
3,1,0.27,4.0,0.0,0.5,0.1,0.0,0.3,4.9
3,1,9.71,35.0,1.0,0.5,0.0,5.54,0.3,42.34
3,1,1.09,8.5,0.0,0.5,1.4,0.0,0.3,10.7
3,1,1.04,6.5,0.0,0.5,0.73,0.0,0.3,8.03
3,1,1.45,9.0,0.0,0.5,1.47,0.0,0.3,11.27
3,1,1.24,8.0,0.0,0.5,0.0,0.0,0.3,8.8
3,1,0.55,5.0,0.5,0.5,0.0,0.0,0.3,6.3
3,1,0.5,3.5,0.0,0.5,0.86,0.0,0.3,5.16
3,1,1.7,8.5,0.5,0.5,2.45,0.0,0.3,12.25
3,1,1.46,7.0,0.5,0.5,0.0,0.0,0.3,8.3
3,1,0.82,4.5,0.0,0.5,1.06,0.0,0.3,6.36
3,1,12.64,36.0,0.5,0.5,5.6,0.0,0.3,42.9
3,1,0.81,6.5,1.0,0.5,2.08,0.0,0.3,10.38
3,1,2.63,17.0,0.0,0.5,0.0,0.0,0.3,17.8
3,1,1.49,9.0,0.5,0.5,0.0,0.0,0.3,10.3
3,1,2.12,11.5,0.5,0.5,0.0,0.0,0.3,12.8
3,1,0.36,4.0,0.5,0.5,0.0,0.0,0.3,5.3
3,1,16.22,52.0,0.0,0.5,0.0,5.54,0.3,58.34
3,1,0.0,10.0,0.0,0.5,0.0,0.0,0.3,10.8
3,1,1.17,6.5,1.0,0.5,0.0,0.0,0.3,8.3
3,1,11.09,33.5,0.5,0.5,0.0,5.54,0.3,40.34
3,1,0.72,5.5,0.0,0.5,1.58,0.0,0.3,7.88
3,1,0.78,5.0,0.5,0.5,0.95,0.0,0.3,7.25
3,1,1.89,8.5,1.0,0.5,2.06,0.0,0.3,12.36
3,1,3.2,15.5,0.5,0.5,2.52,0.0,0.3,19.32
3,1,1.35,8.5,0.0,0.5,0.0,0.0,0.3,9.3
3,1,4.51,20.0,0.5,0.5,4.26,0.0,0.3,25.56
3,1,2.26,17.0,0.0,0.5,3.56,0.0,0.3,21.36
3,1,1.67,22.0,1.0,0.5,0.0,0.0,0.3,23.8
3,1,0.97,9.0,0.0,0.5,0.0,0.0,0.3,9.8
3,1,4.39,17.0,0.5,0.5,3.66,0.0,0.3,21.96
3,1,1.38,11.5,1.0,0.5,1.33,0.0,0.3,14.63
3,1,1.96,8.5,0.5,0.5,1.96,0.0,0.3,11.76
3,1,6.19,23.5,1.0,0.5,0.0,0.0,0.3,25.3
3,1,2.02,9.5,0.0,0.5,0.0,0.0,0.3,10.3
3,1,0.97,6.5,0.5,0.5,0.0,0.0,0.3,7.8
3,1,4.14,18.0,0.0,0.5,0.0,0.0,0.3,18.8
3,1,0.39,4.0,0.0,0.5,0.48,0.0,0.3,5.28
3,1,1.42,8.5,0.0,0.5,1.4,0.0,0.3,10.7
3,1,15.01,62.0,0.0,0.5,15.7,0.0,0.3,78.5
3,1,12.96,38.5,0.0,0.5,19.65,0.0,0.3,58.95
3,1,15.87,52.0,0.0,0.5,0.0,5.54,0.3,58.34
3,1,3.1,17.5,0.0,0.5,0.0,0.0,0.3,18.3
3,1,1.97,8.5,1.0,0.5,1.03,0.0,0.3,11.33
3,1,3.09,13.0,0.0,0.5,2.76,0.0,0.3,16.56
3,1,1.79,8.0,0.5,0.5,0.0,0.0,0.3,9.3
3,1,3.56,12.5,0.5,0.5,0.0,0.0,0.3,13.8
3,1,2.77,14.0,0.0,0.5,0.0,0.0,0.3,14.8
3,1,2.39,15.0,0.0,0.5,1.9,0.0,0.3,17.7
3,1,3.46,13.0,1.0,0.5,2.96,0.0,0.3,17.76
3,1,0.94,8.0,0.0,0.5,0.0,0.0,0.3,8.8
3,1,16.89,52.0,0.0,0.5,10.56,0.0,0.3,63.36
3,1,0.0,2.5,1.0,0.5,69.0,0.0,0.3,73.3
3,1,0.87,5.0,1.0,0.5,0.0,0.0,0.3,6.8
3,1,0.03,2.5,0.0,0.5,0.0,0.0,0.3,3.3
3,1,5.77,18.5,0.0,0.5,0.0,0.0,0.3,19.3
3,1,1.56,7.5,0.0,0.5,1.25,0.0,0.3,9.55
3,1,0.0,2.5,0.0,0.5,0.0,0.0,0.3,3.3
3,1,1.09,7.0,0.0,0.5,1.56,0.0,0.3,9.36
3,1,3.43,13.5,0.0,0.5,0.0,0.0,0.3,14.3
3,1,3.07,19.0,0.0,0.5,0.0,0.0,0.3,19.8
3,1,2.32,13.0,1.0,0.5,0.74,0.0,0.3,15.54
3,1,7.21,32.5,0.5,0.5,3.38,0.0,0.3,37.18
3,1,5.62,21.5,0.0,0.5,0.0,0.0,0.3,22.3
3,1,9.3,27.5,0.0,0.5,0.0,0.0,0.3,28.3
3,1,1.63,9.0,0.0,0.5,0.0,0.0,0.3,9.8
3,1,2.14,9.0,0.0,0.5,0.98,0.0,0.3,10.78
3,1,2.86,13.5,0.5,0.5,0.0,0.0,0.3,14.8
3,1,0.23,3.0,0.0,0.5,0.0,0.0,0.3,3.8
3,1,2.19,12.0,0.0,0.5,1.28,0.0,0.3,14.08
3,1,3.34,16.5,0.0,0.5,3.46,0.0,0.3,20.76
3,1,0.56,5.5,0.0,0.5,0.0,0.0,0.3,6.3
3,1,0.74,6.5,0.5,0.5,0.0,0.0,0.3,7.8
3,1,1.62,12.5,0.0,0.5,2.66,0.0,0.3,15.96
3,1,1.94,13.0,0.0,0.5,1.38,0.0,0.3,15.18
3,1,3.49,14.0,0.5,0.5,0.0,0.0,0.3,15.3
3,1,1.53,10.5,0.0,0.5,0.0,0.0,0.3,11.3
3,1,13.59,37.5,0.5,0.5,0.0,0.0,0.3,38.8
3,1,8.35,27.0,0.0,0.5,0.0,5.54,0.3,33.34
3,1,0.97,7.0,0.0,0.5,1.56,0.0,0.3,9.36
3,1,16.94,52.0,4.5,0.5,6.28,5.54,0.3,69.12
3,1,0.66,4.5,1.0,0.5,0.63,0.0,0.3,6.93
3,1,1.28,8.0,0.0,0.5,1.76,0.0,0.3,10.56
3,1,0.54,5.5,0.0,0.5,0.0,0.0,0.3,6.3
3,1,2.03,8.5,0.5,0.5,0.0,0.0,0.3,9.8
3,1,1.85,10.0,0.0,0.5,2.16,0.0,0.3,12.96
3,1,7.84,25.0,0.5,0.5,5.26,0.0,0.3,31.56
3,1,0.9,10.0,0.0,0.5,0.0,0.0,0.3,10.8
3,1,10.09,35.0,1.0,0.5,10.59,5.54,0.3,52.93
3,1,3.82,16.0,0.5,0.5,0.0,0.0,0.3,17.3
3,1,0.0,2.5,0.0,0.5,0.0,0.0,0.3,3.3
3,1,0.2,3.0,1.0,0.5,0.0,0.0,0.3,4.8
3,1,9.75,28.5,0.0,0.5,4.4,0.0,0.3,33.7
3,1,17.29,52.0,0.0,0.5,0.0,5.54,0.3,58.34
3,1,1.14,7.5,0.0,0.5,0.83,0.0,0.3,9.13
3,1,2.51,10.5,0.5,0.5,1.18,0.0,0.3,12.98
3,1,9.04,36.0,0.5,0.5,0.0,5.54,0.3,42.84
3,1,5.59,19.5,0.0,0.5,2.03,0.0,0.3,22.33
3,1,0.45,4.0,1.0,0.5,0.0,0.0,0.3,5.8
3,1,2.91,12.5,0.0,0.5,0.0,0.0,0.3,13.3
3,1,1.28,8.5,0.0,0.5,0.0,0.0,0.3,9.3
3,1,0.63,5.5,0.0,0.5,0.0,0.0,0.3,6.3
3,1,2.29,12.5,0.5,0.5,0.0,0.0,0.3,13.8
3,1,1.19,12.0,1.0,0.5,0.0,0.0,0.3,13.8
3,1,0.81,5.5,0.5,0.5,0.0,0.0,0.3,6.8
3,1,5.5,17.5,0.0,0.5,0.0,0.0,0.3,18.3
3,1,1.16,8.0,1.0,0.5,0.0,0.0,0.3,9.8
3,1,0.93,6.0,0.0,0.5,0.0,0.0,0.3,6.8
3,1,1.0,6.0,0.0,0.5,0.0,0.0,0.3,6.8
3,1,3.5,13.0,0.5,0.5,0.0,0.0,0.3,14.3
3,1,0.5,4.5,0.0,0.5,0.0,0.0,0.3,5.3
3,1,2.83,13.5,1.0,0.5,3.06,0.0,0.3,18.36
3,1,1.43,7.0,1.0,0.5,0.0,0.0,0.3,8.8
3,1,0.49,5.0,0.0,0.5,0.87,0.0,0.3,6.67
3,1,1.81,9.5,0.5,0.5,2.16,0.0,0.3,12.96
3,1,0.77,8.0,0.0,0.5,0.0,0.0,0.3,8.8
3,1,2.72,17.0,1.0,0.5,3.76,0.0,0.3,22.56
3,1,1.71,11.5,0.5,0.5,1.92,0.0,0.3,14.72
3,1,1.52,9.5,0.5,0.5,0.0,0.0,0.3,10.8
3,1,0.94,5.0,0.5,0.5,0.76,0.0,0.3,7.06
3,1,4.8,31.0,1.0,0.5,0.0,0.0,0.3,32.8
3,1,1.5,9.5,0.0,0.5,2.06,0.0,0.3,12.36
3,1,18.85,52.0,0.5,0.5,5.33,0.0,0.3,58.63
3,1,1.39,10.0,0.0,0.5,1.62,0.0,0.3,12.42
3,1,0.76,5.5,0.0,0.5,1.26,0.0,0.3,7.56
3,1,8.81,35.0,0.5,0.5,0.0,0.0,0.3,36.3
3,1,0.0,2.5,0.5,0.5,0.0,0.0,0.3,3.8
3,1,0.41,4.0,1.0,0.5,0.58,0.0,0.3,6.38
3,1,3.16,13.5,0.5,0.5,2.96,0.0,0.3,17.76
3,1,3.63,13.5,0.0,0.5,0.0,0.0,0.3,14.3
3,1,1.73,9.5,1.0,0.5,1.13,0.0,0.3,12.43
3,1,5.01,18.5,0.5,0.5,5.94,0.0,0.3,25.74
3,1,0.81,5.0,0.0,0.5,0.87,0.0,0.3,6.67
3,1,12.07,38.0,1.0,0.5,7.96,0.0,0.3,47.76
3,1,1.65,8.5,0.5,0.5,0.0,0.0,0.3,9.8
3,1,2.38,12.5,0.0,0.5,0.0,0.0,0.3,13.3
3,1,0.98,5.5,0.0,0.5,0.0,0.0,0.3,6.3
3,1,4.45,17.5,0.5,0.5,0.0,0.0,0.3,18.8
3,1,1.02,6.5,0.0,0.5,0.73,0.0,0.3,8.03
3,1,1.22,8.5,0.0,0.5,0.0,0.0,0.3,9.3
3,1,3.54,17.5,0.0,0.5,0.0,0.0,0.3,18.3
3,1,0.35,3.5,0.5,0.5,0.0,5.54,0.3,10.34
3,1,3.4,15.0,0.5,0.5,0.0,0.0,0.3,16.3
3,1,0.99,5.5,0.0,0.5,1.26,0.0,0.3,7.56
3,1,7.56,30.5,0.0,0.5,7.83,0.0,0.3,39.13
3,1,0.0,45.0,0.0,0.5,6.87,0.0,0.3,52.67
3,1,1.71,8.0,0.5,0.5,1.4,0.0,0.3,10.7
3,1,1.07,8.0,0.0,0.5,0.26,0.0,0.3,9.06
3,1,2.69,11.0,0.0,0.5,2.12,0.0,0.3,13.92
3,1,4.0,12.5,0.5,0.5,0.0,0.0,0.3,13.8
3,1,1.34,7.5,0.5,0.5,1.76,0.0,0.3,10.56
3,1,1.03,6.5,0.5,0.5,1.56,0.0,0.3,9.36
3,1,5.28,19.0,0.0,0.5,3.96,0.0,0.3,23.76
3,1,3.67,15.5,1.0,0.5,5.19,0.0,0.3,22.49
3,1,0.71,5.0,0.5,0.5,6.3,0.0,0.3,12.6
3,1,1.14,8.0,0.0,0.5,0.0,0.0,0.3,8.8
3,1,0.93,6.0,0.0,0.5,0.0,0.0,0.3,6.8
3,1,3.53,12.0,0.5,0.5,0.0,0.0,0.3,13.3
3,1,2.15,10.5,0.0,0.5,0.0,0.0,0.3,11.3
3,1,2.86,16.5,0.0,0.5,0.0,0.0,0.3,17.3
3,1,1.5,7.5,0.5,0.5,0.0,0.0,0.3,8.8
3,1,1.0,6.0,0.0,0.5,0.0,0.0,0.3,6.8
3,1,1.63,9.0,0.0,0.5,1.96,0.0,0.3,11.76
3,1,1.13,7.0,0.5,0.5,0.0,0.0,0.3,8.3
3,1,4.95,22.0,0.5,0.5,0.47,0.0,0.3,23.77
3,1,0.78,6.5,0.0,0.5,1.46,0.0,0.3,8.76
3,1,2.27,11.5,0.0,0.5,0.0,0.0,0.3,12.3
3,1,0.9,5.5,0.0,0.5,0.63,0.0,0.3,6.93
3,1,8.88,27.0,0.0,0.5,0.0,5.54,0.3,33.34
3,1,2.26,13.0,0.5,0.5,0.0,0.0,0.3,14.3
3,1,2.21,16.0,1.0,0.5,3.56,0.0,0.3,21.36
3,1,1.58,8.0,1.0,0.5,0.0,0.0,0.3,9.8
3,1,3.61,17.0,1.0,0.5,3.76,0.0,0.3,22.56
3,1,5.12,21.5,0.0,0.5,5.57,5.54,0.3,33.41
3,1,1.67,8.5,0.0,0.5,0.0,0.0,0.3,9.3
3,1,4.8,17.0,0.5,0.5,0.0,0.0,0.3,18.3
3,1,1.69,9.0,1.0,0.5,2.16,0.0,0.3,12.96
3,1,6.7,24.0,0.5,0.5,0.76,0.0,0.3,26.06
3,1,2.31,17.0,1.0,0.5,0.0,0.0,0.3,18.8
3,1,1.2,6.5,1.0,0.5,1.66,0.0,0.3,9.96
3,1,0.71,5.0,0.5,0.5,0.0,0.0,0.3,6.3
3,1,2.35,9.5,0.0,0.5,1.03,0.0,0.3,11.33
3,1,0.79,5.0,1.0,0.5,0.0,0.0,0.3,6.8
3,1,6.06,23.5,1.0,0.5,4.55,0.0,0.3,29.85
3,1,2.97,13.0,0.5,0.5,2.86,0.0,0.3,17.16
3,1,0.62,8.5,0.0,0.5,0.0,0.0,0.3,9.3
3,1,0.0,2.5,0.5,0.5,0.0,0.0,0.3,3.8
3,1,0.92,7.0,0.5,0.5,0.0,0.0,0.3,8.3
3,1,11.2,51.0,1.0,0.5,0.0,0.0,0.3,52.8
3,1,5.81,24.5,0.0,0.5,0.0,0.0,0.3,25.3
3,1,0.66,5.0,0.0,0.5,0.0,0.0,0.3,5.8
3,1,0.9,10.0,1.0,0.5,0.0,0.0,0.3,11.8
3,1,5.17,22.5,0.0,0.5,4.66,0.0,0.3,27.96
3,1,13.42,40.0,0.5,0.5,4.13,0.0,0.3,45.43
3,1,8.46,27.5,0.0,0.5,0.0,0.0,0.3,28.3
3,1,2.42,10.5,0.5,0.5,0.0,0.0,0.3,11.8
3,1,0.92,6.0,0.0,0.5,0.0,0.0,0.3,6.8
3,1,13.58,40.0,0.0,0.5,0.0,0.0,0.3,40.8
3,1,2.37,12.0,0.5,0.5,0.0,0.0,0.3,13.3
3,1,10.36,31.5,1.0,0.5,0.0,5.54,0.3,38.84
3,1,0.72,8.5,1.0,0.5,2.58,0.0,0.3,12.88
3,1,1.45,10.0,0.0,0.5,1.62,0.0,0.3,12.42
3,1,1.08,11.0,1.0,0.5,0.0,0.0,0.3,12.8
3,1,1.81,13.5,0.0,0.5,0.0,0.0,0.3,14.3
3,1,2.69,11.5,0.5,0.5,2.3,0.0,0.3,15.1
3,1,0.49,4.5,1.0,0.5,0.0,0.0,0.3,6.3
3,1,1.27,12.0,0.0,0.5,0.0,0.0,0.3,12.8
3,1,4.16,16.5,0.0,0.5,0.0,0.0,0.3,17.3
3,1,1.52,10.5,0.0,0.5,2.26,0.0,0.3,13.56
3,1,0.35,3.5,0.0,0.5,0.86,0.0,0.3,5.16
3,1,2.53,12.5,1.0,0.5,0.0,0.0,0.3,14.3
3,1,0.35,4.0,0.0,0.5,0.96,0.0,0.3,5.76
3,1,0.96,6.0,0.5,0.5,0.0,0.0,0.3,7.3
3,1,2.95,21.5,0.0,0.5,0.0,0.0,0.3,22.3
3,1,6.36,22.5,1.0,0.5,0.0,0.0,0.3,24.3
3,1,9.98,29.5,0.0,0.5,4.55,0.0,0.3,34.85
3,1,0.59,4.0,0.0,0.5,0.72,0.0,0.3,5.52
3,1,1.77,11.0,1.0,0.5,0.0,0.0,0.3,12.8
3,1,1.0,6.0,0.5,0.5,1.1,0.0,0.3,8.4
3,1,2.15,11.5,0.0,0.5,1.23,0.0,0.3,13.53
3,1,2.61,15.0,1.0,0.5,0.0,0.0,0.3,16.8
3,1,0.59,5.5,0.0,0.5,1.26,0.0,0.3,7.56
3,1,10.48,31.0,0.0,0.5,0.0,0.0,0.3,31.8
3,1,1.33,9.0,0.5,0.5,2.58,0.0,0.3,12.88
3,1,0.59,4.0,0.5,0.5,1.06,0.0,0.3,6.36
3,1,1.66,9.5,0.5,0.5,1.62,0.0,0.3,12.42
3,1,1.38,12.5,0.0,0.5,0.0,0.0,0.3,13.3
3,1,1.94,13.5,0.0,0.5,0.0,0.0,0.3,14.3
3,1,4.48,19.5,0.0,0.5,4.06,0.0,0.3,24.36
3,1,0.82,6.0,0.5,0.5,0.07,0.0,0.3,7.37
3,1,2.49,12.0,0.5,0.5,0.0,0.0,0.3,13.3
3,1,5.65,20.5,0.5,0.5,2.18,0.0,0.3,23.98
3,1,1.04,10.5,0.0,0.5,1.13,0.0,0.3,12.43
3,1,1.66,13.5,0.0,0.5,0.0,0.0,0.3,14.3
3,1,0.3,3.0,0.0,0.5,0.0,0.0,0.3,3.8
3,1,2.62,13.5,1.0,0.5,1.53,0.0,0.3,16.83
3,1,4.51,17.0,0.0,0.5,2.67,0.0,0.3,20.47
3,1,8.38,26.5,0.5,0.5,0.0,0.0,0.3,27.8
3,1,0.51,3.5,0.5,0.5,0.0,0.0,0.3,4.8
3,1,1.5,8.5,0.5,0.5,0.0,0.0,0.3,9.8
3,1,0.48,6.5,0.0,0.5,0.73,0.0,0.3,8.03
3,1,6.12,21.0,0.0,0.5,4.8,0.0,0.3,26.6
3,1,2.2,12.5,0.5,0.5,0.0,0.0,0.3,13.8
3,1,1.04,7.0,0.5,0.5,0.0,0.0,0.3,8.3
3,1,1.35,11.0,0.0,0.5,2.12,0.0,0.3,13.92
3,1,0.67,8.0,1.0,0.5,0.0,0.0,0.3,9.8
3,1,3.33,15.0,0.5,0.5,0.0,0.0,0.3,16.3
3,1,2.48,10.5,0.0,0.5,0.0,0.0,0.3,11.3
3,1,0.98,7.0,0.0,0.5,0.0,0.0,0.3,7.8
3,1,17.5,52.0,0.0,0.5,0.0,5.54,0.3,58.34
3,1,1.42,7.5,0.0,0.5,0.0,0.0,0.3,8.3
3,1,0.47,7.0,0.0,0.5,0.78,0.0,0.3,8.58
3,1,2.38,11.5,0.0,0.5,2.46,0.0,0.3,14.76
3,1,0.32,3.5,1.0,0.5,0.0,0.0,0.3,5.3
3,1,0.96,10.0,1.0,0.5,0.0,0.0,0.3,11.8
3,1,17.51,52.0,0.0,0.5,11.67,5.54,0.3,70.01
3,1,0.0,2.5,0.5,0.5,0.0,0.0,0.3,3.8
3,1,1.01,8.0,0.5,0.5,0.0,0.0,0.3,9.3
3,1,0.83,4.5,0.0,0.5,0.0,0.0,0.3,5.3
3,1,2.39,14.5,0.0,0.5,0.0,0.0,0.3,15.3
3,1,7.08,24.0,0.5,0.5,0.0,0.0,0.3,25.3
3,1,4.78,18.0,0.5,0.5,0.0,0.0,0.3,19.3
3,1,2.62,11.5,0.5,0.5,0.0,0.0,0.3,12.8
3,1,4.83,21.0,0.5,0.5,4.46,0.0,0.3,26.76
3,1,7.26,27.5,0.0,0.5,0.0,0.0,0.3,28.3
3,1,0.56,4.5,0.5,0.5,0.0,0.0,0.3,5.8
3,1,0.78,5.5,0.0,0.5,0.0,0.0,0.3,6.3
3,1,2.3,12.0,0.0,0.5,0.0,0.0,0.3,12.8
3,1,2.03,10.0,1.0,0.5,2.36,0.0,0.3,14.16
3,1,2.53,11.5,0.5,0.5,0.0,0.0,0.3,12.8
3,1,1.04,7.5,0.0,0.5,0.0,0.0,0.3,8.3
3,1,0.67,5.0,0.5,0.5,0.63,0.0,0.3,6.93
3,1,1.88,8.0,0.5,0.5,0.0,0.0,0.3,9.3
3,1,2.48,18.0,0.5,0.5,0.0,0.0,0.3,19.3
3,1,4.33,21.5,0.0,0.5,5.58,0.0,0.3,27.88
3,1,0.76,5.5,0.0,0.5,1.58,0.0,0.3,7.88
3,1,2.08,9.5,0.5,0.5,2.16,0.0,0.3,12.96
3,1,3.85,18.5,0.0,0.5,0.0,0.0,0.3,19.3
3,1,1.98,18.5,0.0,0.5,3.86,0.0,0.3,23.16
3,1,1.37,9.0,0.0,0.5,1.96,0.0,0.3,11.76
3,1,0.76,7.5,0.0,0.5,1.66,0.0,0.3,9.96
3,1,1.5,7.0,0.5,0.5,0.0,0.0,0.3,8.3
3,1,2.18,9.5,0.5,0.5,2.16,0.0,0.3,12.96
3,1,1.87,9.0,0.0,0.5,0.0,0.0,0.3,9.8
3,1,0.64,5.5,0.0,0.5,0.0,0.0,0.3,6.3
3,1,1.75,13.0,1.0,0.5,2.96,0.0,0.3,17.76
3,1,2.81,11.5,0.0,0.5,0.0,0.0,0.3,12.3
3,1,2.27,10.0,0.5,0.5,0.0,0.0,0.3,11.3
3,1,2.83,12.0,0.5,0.5,1.33,0.0,0.3,14.63
3,1,2.31,15.5,0.0,0.5,1.63,0.0,0.3,17.93
3,1,1.99,12.0,0.5,0.5,1.33,0.0,0.3,14.63
3,1,1.53,8.0,0.0,0.5,0.0,0.0,0.3,8.8
3,1,1.33,13.0,1.0,0.5,1.48,0.0,0.3,16.28
3,1,3.12,16.5,0.0,0.5,0.0,0.0,0.3,17.3
3,1,0.45,5.5,0.5,0.5,1.7,0.0,0.3,8.5
3,1,7.23,29.5,0.5,0.5,0.0,0.0,0.3,30.8
3,1,1.73,8.5,1.0,0.5,0.0,0.0,0.3,10.3
3,1,2.0,20.5,0.0,0.5,0.0,0.0,0.3,21.3
3,1,3.15,13.0,0.5,0.5,2.57,0.0,0.3,16.87
3,1,2.67,11.5,0.0,0.5,0.0,0.0,0.3,12.3
3,1,1.32,6.5,0.5,0.5,1.56,0.0,0.3,9.36
3,1,5.22,18.5,0.5,0.5,3.96,0.0,0.3,23.76
3,1,16.97,52.0,0.0,0.5,11.67,5.54,0.3,70.01
3,1,1.03,6.5,0.0,0.5,1.46,0.0,0.3,8.76
3,1,0.67,7.5,1.0,0.5,1.4,0.0,0.3,10.7
3,1,0.49,4.0,0.0,0.5,0.0,0.0,0.3,4.8
3,1,0.43,3.5,0.0,0.5,0.0,0.0,0.3,4.3
3,1,1.59,11.0,0.0,0.5,0.0,0.0,0.3,11.8
3,1,0.73,5.5,0.5,0.5,0.0,0.0,0.3,6.8
3,1,5.68,21.5,0.0,0.5,0.0,0.0,0.3,22.3
3,1,2.02,10.0,0.0,0.5,0.0,0.0,0.3,10.8
3,1,6.06,19.0,0.5,0.5,4.06,0.0,0.3,24.36
3,1,0.0,2.5,0.5,0.5,0.0,5.54,0.3,9.34
3,1,1.0,7.0,1.0,0.5,0.0,0.0,0.3,8.8
3,1,0.84,5.5,0.0,0.5,0.0,0.0,0.3,6.3
3,1,2.0,12.5,0.0,0.5,2.0,0.0,0.3,15.3
3,1,2.89,15.0,0.0,0.5,3.16,0.0,0.3,18.96
3,1,0.71,4.0,0.5,0.5,0.0,0.0,0.3,5.3
3,1,2.04,10.0,0.5,0.5,0.0,0.0,0.3,11.3
3,1,2.66,15.5,0.0,0.5,2.45,0.0,0.3,18.75
3,1,4.1,28.0,1.0,0.5,2.98,0.0,0.3,32.78
3,1,0.64,4.5,0.0,0.5,0.0,0.0,0.3,5.3
3,1,1.34,6.5,0.5,0.5,1.4,0.0,0.3,9.2
3,1,0.78,9.0,1.0,0.5,0.0,0.0,0.3,10.8
3,1,1.54,9.0,0.5,0.5,0.0,0.0,0.3,10.3
3,1,2.8,11.5,1.0,0.5,2.0,0.0,0.3,15.3
3,1,16.89,45.0,18.0,0.5,18.2,37.0,0.6,119.3
3,1,1.87,12.0,0.0,0.5,0.0,0.0,0.3,12.8
3,1,0.45,4.0,0.5,0.5,0.0,0.0,0.3,5.3
3,1,1.7,9.0,1.0,0.5,1.3,0.0,0.3,12.1
3,1,6.13,23.0,0.5,0.5,4.86,0.0,0.3,29.16
3,1,1.68,11.0,1.0,0.5,0.0,0.0,0.3,12.8
3,1,2.48,10.5,0.5,0.5,3.54,0.0,0.3,15.34
3,1,1.68,12.5,1.0,0.5,2.86,0.0,0.3,17.16
3,1,0.55,4.5,1.0,0.5,0.0,0.0,0.3,6.3
3,1,0.61,7.0,0.0,0.5,1.56,0.0,0.3,9.36
3,1,5.62,22.5,0.0,0.5,4.66,0.0,0.3,27.96
3,1,0.68,5.0,0.5,0.5,0.0,0.0,0.3,6.3
3,1,0.65,4.0,0.5,0.5,0.53,0.0,0.3,5.83
3,1,9.43,37.0,0.0,0.5,0.0,5.54,0.3,43.34
3,1,1.31,7.0,0.5,0.5,0.0,0.0,0.3,8.3
3,1,1.23,7.0,1.0,0.5,0.0,0.0,0.3,8.8
3,1,16.99,52.0,0.0,0.5,0.0,0.0,0.3,52.8
3,1,11.56,37.0,0.5,0.5,0.0,0.0,0.3,38.3
3,1,2.29,12.0,0.5,0.5,0.0,0.0,0.3,13.3
3,1,0.63,7.5,0.0,0.5,8.3,0.0,0.3,16.6
3,1,0.75,7.0,0.0,0.5,0.0,0.0,0.3,7.8
3,1,6.4,50.0,0.0,0.5,0.0,0.0,0.3,50.8
3,1,1.5,9.5,1.0,0.5,0.0,0.0,0.3,11.3
3,1,5.48,18.5,0.5,0.5,3.96,0.0,0.3,23.76
3,1,0.74,4.5,0.0,0.5,0.95,0.0,0.3,6.25
3,1,1.06,7.5,0.5,0.5,0.0,0.0,0.3,8.8
3,1,6.63,22.5,0.5,0.5,0.0,0.0,0.3,23.8
3,1,2.14,13.0,0.0,0.5,1.38,0.0,0.3,15.18
3,1,4.07,14.5,0.5,0.5,0.0,0.0,0.3,15.8
3,1,3.2,15.0,0.5,0.5,0.0,0.0,0.3,16.3
3,1,3.48,14.0,0.0,0.5,0.0,0.0,0.3,14.8
3,1,1.08,6.0,0.5,0.5,0.0,0.0,0.3,7.3
3,1,1.07,5.5,0.0,0.5,0.0,0.0,0.3,6.3
3,1,1.5,7.0,0.5,0.5,0.0,0.0,0.3,8.3
3,1,1.11,6.0,0.0,0.5,0.0,0.0,0.3,6.8
3,1,1.93,9.0,0.5,0.5,0.0,0.0,0.3,10.3
3,1,0.85,8.5,1.0,0.5,2.06,0.0,0.3,12.36
3,1,0.89,5.0,0.0,0.5,0.0,0.0,0.3,5.8
3,1,4.48,15.0,0.5,0.5,0.0,0.0,0.3,16.3
3,1,8.5,25.5,0.5,0.5,6.47,5.54,0.3,38.81
3,1,1.81,8.5,0.5,0.5,0.0,0.0,0.3,9.8
3,1,2.07,10.0,0.0,0.5,0.0,0.0,0.3,10.8
3,1,7.79,27.0,0.5,0.5,0.0,0.0,0.3,28.3
3,1,3.34,14.0,0.0,0.5,0.3,0.0,0.3,15.1
3,1,0.78,6.0,0.0,0.5,1.36,0.0,0.3,8.16
3,1,8.08,25.5,0.5,0.5,2.68,0.0,0.3,29.48
3,1,0.79,7.0,0.0,0.5,0.78,0.0,0.3,8.58
3,1,1.91,9.5,0.5,0.5,0.0,0.0,0.3,10.8
3,1,0.71,5.5,1.0,0.5,0.0,0.0,0.3,7.3
3,1,1.65,11.0,0.5,0.5,1.23,0.0,0.3,13.53
3,1,4.29,16.0,0.5,0.5,0.0,0.0,0.3,17.3
3,1,4.56,17.0,0.0,0.5,0.0,5.54,0.3,23.34
3,1,0.0,58.5,0.0,0.5,10.67,0.0,0.3,69.97
3,1,2.52,11.0,0.5,0.5,1.85,0.0,0.3,14.15
3,1,0.48,4.0,0.5,0.5,0.0,0.0,0.3,5.3
3,1,1.73,7.0,1.0,0.5,1.76,0.0,0.3,10.56
3,1,3.46,13.5,0.5,0.5,1.48,0.0,0.3,16.28
3,1,2.66,12.0,1.0,0.5,2.76,0.0,0.3,16.56
3,1,2.07,9.5,0.0,0.5,0.0,0.0,0.3,10.3
3,1,1.5,8.5,1.0,0.5,0.1,0.0,0.3,10.4
3,1,3.96,14.0,0.5,0.5,0.0,0.0,0.3,15.3
3,1,8.25,27.0,0.5,0.5,7.08,0.0,0.3,35.38
3,1,15.24,52.0,0.0,0.5,0.0,5.54,0.3,58.34
3,1,1.48,7.5,0.0,0.5,0.0,0.0,0.3,8.3
3,1,1.61,8.5,0.0,0.5,1.4,0.0,0.3,10.7
3,1,4.54,18.0,0.5,0.5,2.9,0.0,0.3,22.2
3,1,9.97,31.5,0.5,0.5,0.0,5.54,0.3,38.34
3,1,2.57,16.5,0.0,0.5,0.0,0.0,0.3,17.3
3,1,1.51,11.5,0.0,0.5,0.0,0.0,0.3,12.3
3,1,3.4,22.5,0.0,0.5,0.0,0.0,0.3,23.3
3,1,1.14,10.5,1.0,0.5,0.0,0.0,0.3,12.3
3,1,1.48,6.5,0.0,0.5,0.0,0.0,0.3,7.3
3,1,5.38,24.5,0.5,0.5,0.0,0.0,0.3,25.8
3,1,1.3,7.5,0.0,0.5,1.66,0.0,0.3,9.96
3,1,1.76,7.5,0.0,0.5,0.0,0.0,0.3,8.3
3,1,1.53,10.5,0.0,0.5,0.0,0.0,0.3,11.3
3,2,0.0,2.5,0.5,0.5,0.04,0.0,0.3,3.84
3,1,0.0,2.5,0.0,0.5,0.0,0.0,0.3,3.3
3,1,1.16,7.5,0.0,0.5,0.0,0.0,0.3,8.3
3,1,9.94,46.0,0.5,0.5,0.0,0.0,0.3,47.3
3,1,2.21,10.5,0.5,0.5,0.0,0.0,0.3,11.8
3,1,1.09,7.5,0.5,0.5,1.76,0.0,0.3,10.56
3,1,1.23,6.5,0.5,0.5,0.0,0.0,0.3,7.8
3,1,3.1,15.5,0.0,0.5,0.0,0.0,0.3,16.3
3,1,2.73,13.5,1.0,0.5,3.06,0.0,0.3,18.36
3,1,2.3,9.0,0.5,0.5,1.0,0.0,0.3,11.3
3,1,0.86,5.5,0.5,0.5,1.36,0.0,0.3,8.16
3,1,0.38,3.5,1.0,0.5,0.0,0.0,0.3,5.3
3,1,2.45,10.5,0.5,0.5,0.0,0.0,0.3,11.8
3,1,0.07,5.0,0.5,0.5,0.0,0.0,0.3,6.3
3,1,0.57,4.5,0.0,0.5,0.0,0.0,0.3,5.3
3,1,15.27,44.0,0.0,0.5,0.0,0.0,0.3,44.8
3,1,19.87,54.0,0.5,0.5,0.0,5.54,0.3,60.84
3,1,3.18,11.5,0.5,0.5,3.2,0.0,0.3,16.0
3,1,0.93,5.0,0.5,0.5,0.0,0.0,0.3,6.3
3,1,4.32,16.0,0.0,0.5,0.0,0.0,0.3,16.8
3,1,0.86,5.0,0.0,0.5,1.16,0.0,0.3,6.96
3,1,1.82,7.0,0.5,0.5,0.0,0.0,0.3,8.3
3,1,1.16,6.0,0.5,0.5,0.0,0.0,0.3,7.3
3,1,2.14,9.5,0.5,0.5,1.94,0.0,0.3,12.74
3,1,0.94,5.5,0.5,0.5,0.07,0.0,0.3,6.87
3,1,0.37,3.5,0.0,0.5,0.0,0.0,0.3,4.3
3,1,1.58,10.5,0.0,0.5,2.26,0.0,0.3,13.56
3,1,0.87,4.5,0.5,0.5,1.16,0.0,0.3,6.96
3,1,0.96,5.0,0.0,0.5,0.0,0.0,0.3,5.8
3,1,1.15,8.5,0.0,0.5,0.0,0.0,0.3,9.3
3,1,2.23,10.0,0.0,0.5,0.0,0.0,0.3,10.8
3,1,1.12,12.5,1.0,0.5,0.0,0.0,0.3,14.3
3,1,0.73,4.5,0.5,0.5,0.0,0.0,0.3,5.8
3,1,1.02,5.5,0.0,0.5,0.0,0.0,0.3,6.3
3,1,1.45,9.0,0.0,0.5,0.0,0.0,0.3,9.8
3,1,0.83,4.5,1.0,0.5,0.95,0.0,0.3,7.25
3,1,0.92,6.0,1.0,0.5,0.78,0.0,0.3,8.58
3,1,1.07,5.5,1.0,0.5,0.0,0.0,0.3,7.3
3,1,0.93,5.5,0.5,0.5,1.36,0.0,0.3,8.16
3,1,1.81,9.0,0.0,0.5,0.0,0.0,0.3,9.8
3,1,11.92,60.0,0.0,0.5,0.0,0.0,0.3,60.8
3,1,0.65,7.5,0.5,0.5,0.0,0.0,0.3,8.8
3,1,0.38,4.5,0.5,0.5,0.0,0.0,0.3,5.8
3,1,4.62,21.5,0.5,0.5,3.42,0.0,0.3,26.22
3,1,0.97,6.5,0.5,0.5,0.08,0.0,0.3,7.88
3,1,3.13,15.5,1.0,0.5,0.0,0.0,0.3,17.3
3,1,2.1,12.0,0.5,0.5,2.0,0.0,0.3,15.3
3,1,0.49,5.0,1.0,0.5,0.0,0.0,0.3,6.8
3,1,1.33,9.5,0.0,0.5,0.0,0.0,0.3,10.3
3,1,4.22,18.0,1.0,0.5,3.96,0.0,0.3,23.76
3,1,0.31,3.5,0.0,0.5,0.0,0.0,0.3,4.3
3,1,2.28,12.5,0.5,0.5,2.76,0.0,0.3,16.56
3,1,4.45,22.5,0.0,0.5,0.0,0.0,0.3,23.3
3,1,5.06,19.5,0.5,0.5,0.0,0.0,0.3,20.8
3,1,1.23,7.5,0.0,0.5,0.0,0.0,0.3,8.3
3,1,1.21,6.0,0.0,0.5,1.36,0.0,0.3,8.16
3,1,2.02,9.5,0.0,0.5,2.06,0.0,0.3,12.36
3,1,0.38,7.0,0.0,0.5,0.0,0.0,0.3,7.8
3,1,0.97,7.5,0.0,0.5,0.0,0.0,0.3,8.3
3,1,2.38,11.5,0.0,0.5,0.0,0.0,0.3,12.3
3,1,1.31,6.5,1.0,0.5,0.83,0.0,0.3,9.13
3,1,1.49,8.5,0.5,0.5,1.96,0.0,0.3,11.76
3,1,4.31,19.0,0.5,0.5,0.0,0.0,0.3,20.3
3,1,1.65,13.5,0.0,0.5,2.15,0.0,0.3,16.45
3,1,10.16,41.0,0.0,0.5,5.68,5.54,0.3,53.02
3,1,1.43,10.5,0.0,0.5,0.57,0.0,0.3,11.87
3,1,0.88,6.5,1.0,0.5,0.0,0.0,0.3,8.3
3,1,1.14,7.5,0.0,0.5,1.66,0.0,0.3,9.96
3,1,1.14,8.5,0.5,0.5,0.0,0.0,0.3,9.8
3,1,1.94,10.5,0.0,0.5,2.26,0.0,0.3,13.56
3,1,1.3,7.0,0.0,0.5,1.56,0.0,0.3,9.36
3,1,5.93,24.5,0.0,0.5,0.0,0.0,0.3,25.3
3,1,0.51,4.5,0.0,0.5,0.0,0.0,0.3,5.3
3,1,16.17,52.0,0.0,0.5,0.0,5.54,0.3,58.34
3,1,2.12,10.5,1.0,0.5,1.85,0.0,0.3,14.15
3,1,9.12,30.5,0.0,0.5,0.0,5.54,0.3,36.84
3,1,9.01,28.5,0.5,0.5,0.0,0.0,0.3,29.8
3,1,1.68,7.5,0.5,0.5,1.06,0.0,0.3,9.86
3,1,1.72,12.0,0.0,0.5,0.0,0.0,0.3,12.8
3,1,0.22,5.5,1.0,0.5,0.0,0.0,0.3,7.3
3,1,1.27,10.5,0.0,0.5,2.83,0.0,0.3,14.13
3,1,1.34,7.0,0.5,0.5,1.66,0.0,0.3,9.96
3,1,1.21,7.0,0.5,0.5,0.83,0.0,0.3,9.13
3,1,2.81,14.5,0.0,0.5,1.53,0.0,0.3,16.83
3,1,1.14,7.0,0.0,0.5,1.56,0.0,0.3,9.36
3,1,1.05,5.5,0.0,0.5,0.0,0.0,0.3,6.3
3,1,2.26,12.5,0.0,0.5,0.0,0.0,0.3,13.3
3,1,1.45,7.0,1.0,0.5,0.0,0.0,0.3,8.8
3,1,0.55,6.0,0.0,0.5,1.02,0.0,0.3,7.82
3,1,1.15,9.5,0.0,0.5,0.0,0.0,0.3,10.3
3,1,0.94,5.0,0.5,0.5,1.26,0.0,0.3,7.56
3,1,2.71,11.5,0.0,0.5,0.0,0.0,0.3,12.3
3,1,2.02,10.5,0.5,0.5,0.0,0.0,0.3,11.8
3,1,0.75,7.5,1.0,0.5,1.86,0.0,0.3,11.16
3,1,2.04,8.5,0.0,0.5,0.0,0.0,0.3,9.3
3,1,2.95,15.5,0.5,0.5,2.0,0.0,0.3,18.8
3,1,0.46,4.0,0.0,0.5,0.0,0.0,0.3,4.8
3,1,0.87,5.5,0.5,0.5,1.0,0.0,0.3,7.8
3,1,20.76,63.0,0.0,0.5,0.0,0.0,0.3,63.8
3,1,1.05,5.5,0.5,0.5,0.0,0.0,0.3,6.8
3,1,7.36,25.0,0.5,0.5,0.0,0.0,0.3,26.3
3,1,11.37,35.0,0.0,0.5,0.0,5.54,0.3,41.34
3,1,2.8,13.0,1.0,0.5,0.0,0.0,0.3,14.8
3,2,2.13,10.5,1.0,0.5,2.46,0.0,0.3,14.76
3,1,3.78,17.5,0.0,0.5,0.0,0.0,0.3,18.3
3,1,12.44,38.5,17.5,0.5,0.0,20.0,0.6,77.1
3,1,0.74,5.0,0.0,0.5,0.0,0.0,0.3,5.8
3,1,1.93,9.0,0.5,0.5,2.06,0.0,0.3,12.36
3,1,2.95,13.0,0.5,0.5,2.86,0.0,0.3,17.16
3,1,5.68,23.0,0.5,0.5,0.0,0.0,0.3,24.3
3,1,1.67,7.0,1.0,0.5,0.88,0.0,0.3,9.68
3,1,0.69,9.0,0.0,0.5,0.0,0.0,0.3,9.8
3,1,1.97,11.5,0.0,0.5,0.0,0.0,0.3,12.3
3,1,1.2,7.5,0.5,0.5,0.0,0.0,0.3,8.8
3,1,2.01,11.0,0.0,0.5,0.0,0.0,0.3,11.8
3,1,1.85,8.5,0.5,0.5,0.0,0.0,0.3,9.8
3,1,3.0,10.5,0.5,0.5,2.36,0.0,0.3,14.16
3,1,0.46,4.5,1.0,0.5,1.5,0.0,0.3,7.8
3,1,1.04,6.0,0.5,0.5,1.31,0.0,0.3,8.61
3,1,0.54,4.5,1.0,0.5,0.0,0.0,0.3,6.3
3,1,1.64,7.5,0.5,0.5,1.76,0.0,0.3,10.56
3,1,1.06,7.5,0.0,0.5,0.0,0.0,0.3,8.3
3,1,0.93,6.0,0.5,0.5,1.0,0.0,0.3,8.3
3,1,0.93,8.5,0.0,0.5,0.0,0.0,0.3,9.3
3,1,3.79,13.5,0.5,0.5,0.3,0.0,0.3,15.1
3,1,2.16,10.0,1.0,0.5,2.36,0.0,0.3,14.16
3,1,3.84,19.0,0.5,0.5,0.0,0.0,0.3,20.3
3,1,0.76,6.5,0.5,0.5,1.56,0.0,0.3,9.36
3,1,1.85,9.5,0.5,0.5,0.0,0.0,0.3,10.8
3,1,1.09,6.0,1.0,0.5,0.0,0.0,0.3,7.8
3,1,2.33,11.5,1.0,0.5,1.33,0.0,0.3,14.63
3,1,3.12,11.5,0.5,0.5,0.0,0.0,0.3,12.8
3,1,1.12,5.5,0.5,0.5,0.0,0.0,0.3,6.8
3,1,2.73,14.0,0.5,0.5,3.06,0.0,0.3,18.36
3,1,0.75,6.0,0.0,0.5,0.0,0.0,0.3,6.8
3,1,0.44,5.0,1.0,0.5,0.0,0.0,0.3,6.8
3,1,0.52,5.5,0.5,0.5,0.0,0.0,0.3,6.8
3,1,2.94,12.0,0.5,0.5,0.0,0.0,0.3,13.3
3,1,3.31,14.0,0.5,0.5,0.0,0.0,0.3,15.3
3,1,3.32,17.0,1.0,0.5,0.0,0.0,0.3,18.8
3,1,3.46,21.5,0.5,0.5,0.0,0.0,0.3,22.8
3,1,1.99,8.5,1.0,0.5,2.58,0.0,0.3,12.88
3,1,4.42,15.0,0.0,0.5,2.37,0.0,0.3,18.17
3,1,0.56,4.0,0.5,0.5,0.0,0.0,0.3,5.3
3,1,0.81,5.0,0.5,0.5,0.0,0.0,0.3,6.3
3,1,1.21,14.5,1.0,0.5,0.0,0.0,0.3,16.3
3,1,4.0,23.0,0.0,0.5,3.0,0.0,0.3,26.8
3,1,0.43,4.0,0.0,0.5,0.48,0.0,0.3,5.28
3,1,0.69,4.5,0.5,0.5,0.0,0.0,0.3,5.8
3,1,3.2,16.5,0.5,0.5,2.67,0.0,0.3,20.47
3,1,10.36,33.5,0.5,0.5,0.0,0.0,0.3,34.8
3,1,1.05,12.5,0.0,0.5,2.66,0.0,0.3,15.96
3,1,0.67,4.0,0.5,0.5,0.0,0.0,0.3,5.3
3,1,2.12,10.5,0.0,0.5,0.23,0.0,0.3,11.53
3,1,2.61,9.5,0.0,0.5,0.93,0.0,0.3,11.23
3,1,2.36,11.0,1.0,0.5,0.0,0.0,0.3,12.8
3,1,0.59,5.5,1.0,0.5,0.0,0.0,0.3,7.3
3,1,1.16,7.0,1.0,0.5,0.0,0.0,0.3,8.8
3,1,11.29,32.5,0.0,0.5,0.0,0.0,0.3,33.3
3,1,0.93,5.0,0.5,0.5,0.13,0.0,0.3,6.43
3,1,1.4,7.5,0.0,0.5,0.0,0.0,0.3,8.3
3,1,21.9,120.0,0.0,0.5,24.16,0.0,0.3,144.96
3,1,1.04,7.0,1.0,0.5,0.88,0.0,0.3,9.68
3,4,2.68,11.5,0.5,0.5,0.0,0.0,0.3,12.8
3,1,17.02,52.0,4.5,0.5,0.0,5.54,0.3,62.84
3,1,2.88,11.0,0.5,0.5,0.0,0.0,0.3,12.3
3,1,1.66,8.5,1.0,0.5,1.55,0.0,0.3,11.85
3,1,1.23,8.0,0.0,0.5,1.76,0.0,0.3,10.56
3,1,1.87,11.0,1.0,0.5,0.0,0.0,0.3,12.8
3,1,2.69,11.0,0.0,0.5,2.95,0.0,0.3,14.75
3,1,12.65,40.5,17.5,0.5,8.41,25.0,0.6,92.51
3,1,3.09,13.0,0.5,0.5,2.86,0.0,0.3,17.16
3,1,1.2,11.0,0.0,0.5,1.77,0.0,0.3,13.57
3,1,1.33,8.0,1.0,0.5,0.0,0.0,0.3,9.8
3,1,0.59,4.5,0.0,0.5,1.06,0.0,0.3,6.36
3,1,0.86,7.0,0.0,0.5,0.0,0.0,0.3,7.8
3,1,4.14,20.0,0.5,0.5,1.07,0.0,0.3,22.37
3,1,0.6,5.0,0.5,0.5,0.0,0.0,0.3,6.3
3,1,12.94,48.0,1.0,0.5,7.47,0.0,0.3,57.27
3,1,0.94,6.5,0.0,0.5,1.46,0.0,0.3,8.76
3,1,1.25,6.5,0.5,0.5,0.0,0.0,0.3,7.8
3,1,1.32,6.5,0.0,0.5,1.1,0.0,0.3,8.4
3,1,0.89,6.0,0.5,0.5,0.0,0.0,0.3,7.3
3,1,0.65,7.5,0.0,0.5,0.0,0.0,0.3,8.3
3,1,1.26,6.5,0.5,0.5,0.0,0.0,0.3,7.8
3,1,9.23,27.5,0.0,0.5,10.15,5.54,0.3,43.99
3,1,11.26,31.0,1.0,0.5,3.28,0.0,0.3,36.08
3,1,4.28,17.5,0.0,0.5,0.0,0.0,0.3,18.3
3,1,0.81,6.0,0.0,0.5,0.0,0.0,0.3,6.8
3,1,6.26,26.0,0.0,0.5,5.36,0.0,0.3,32.16
3,1,1.89,9.0,0.5,0.5,0.82,0.0,0.3,11.12
3,1,0.39,5.0,0.0,0.5,0.58,0.0,0.3,6.38
3,1,0.69,8.0,0.5,0.5,0.0,0.0,0.3,9.3
3,1,0.73,4.5,0.0,0.5,1.06,0.0,0.3,6.36
3,1,1.17,6.0,0.0,0.5,1.36,0.0,0.3,8.16
3,1,1.57,8.0,0.0,0.5,0.0,0.0,0.3,8.8
3,1,1.74,9.5,0.0,0.5,0.0,0.0,0.3,10.3
3,1,10.01,42.5,0.0,0.5,0.0,0.0,0.3,43.3
3,1,2.19,16.0,1.0,0.5,4.45,0.0,0.3,22.25
3,1,2.26,11.0,1.0,0.5,0.0,0.0,0.3,12.8
3,1,6.3,26.0,0.5,0.5,0.55,0.0,0.3,27.85
3,1,1.46,8.0,0.0,0.5,0.0,0.0,0.3,8.8
3,1,0.69,4.5,0.5,0.5,0.0,0.0,0.3,5.8
3,1,16.22,52.0,0.0,0.5,0.0,5.54,0.3,58.34
3,1,7.61,24.0,0.5,0.5,0.0,0.0,0.3,25.3
3,1,2.36,10.0,0.0,0.5,1.62,0.0,0.3,12.42
3,1,0.76,5.5,0.0,0.5,0.0,0.0,0.3,6.3
3,1,0.92,8.5,1.0,0.5,0.0,0.0,0.3,10.3
3,1,7.09,24.5,0.0,0.5,5.06,0.0,0.3,30.36
3,1,1.17,6.0,0.0,0.5,0.0,0.0,0.3,6.8
3,1,0.56,4.5,1.0,0.5,0.19,0.0,0.3,6.49
3,1,1.42,8.5,0.0,0.5,1.86,0.0,0.3,11.16
3,1,1.32,8.0,0.0,0.5,0.0,0.0,0.3,8.8
3,1,0.62,4.5,0.0,0.5,0.0,0.0,0.3,5.3
3,1,0.94,7.0,0.0,0.5,0.0,0.0,0.3,7.8
3,1,4.94,21.5,0.5,0.5,2.28,0.0,0.3,25.08
3,1,0.98,8.0,0.0,0.5,0.0,0.0,0.3,8.8
3,1,1.25,7.0,0.5,0.5,1.66,0.0,0.3,9.96
3,1,1.33,6.0,0.5,0.5,0.73,0.0,0.3,8.03
3,1,1.94,13.0,0.0,0.5,0.0,0.0,0.3,13.8
3,1,18.12,52.0,0.0,0.5,0.0,0.0,0.3,52.8
3,1,1.72,11.0,0.0,0.5,0.0,0.0,0.3,11.8
3,1,2.19,9.0,0.5,0.5,1.55,0.0,0.3,11.85
3,1,1.63,9.0,0.5,0.5,0.0,0.0,0.3,10.3
3,1,2.37,13.5,1.0,0.5,0.0,0.0,0.3,15.3
3,1,2.16,10.0,0.5,0.5,1.7,0.0,0.3,13.0
3,1,0.77,6.0,1.0,0.5,0.0,0.0,0.3,7.8
3,1,13.4,42.0,0.5,0.5,0.0,0.0,0.3,43.3
3,1,2.63,14.0,0.0,0.5,0.0,0.0,0.3,14.8
3,1,1.86,9.0,0.0,0.5,0.0,0.0,0.3,9.8
3,1,4.44,16.0,0.5,0.5,1.73,0.0,0.3,19.03
3,1,4.53,16.0,0.5,0.5,2.6,0.0,0.3,19.9
3,1,3.66,14.0,0.0,0.5,2.96,0.0,0.3,17.76
3,1,1.6,12.0,0.0,0.5,0.0,0.0,0.3,12.8
3,1,1.82,8.5,1.0,0.5,1.55,0.0,0.3,11.85
3,1,10.52,32.0,0.0,0.5,0.0,0.0,0.3,32.8
3,1,10.83,35.0,0.0,0.5,0.0,0.0,0.3,35.8
3,1,1.86,7.5,0.5,0.5,0.0,0.0,0.3,8.8
3,1,1.07,6.0,0.0,0.5,0.0,0.0,0.3,6.8
3,1,16.49,52.0,0.0,0.5,2.92,5.54,0.3,61.26
3,1,0.65,5.5,0.0,0.5,0.0,0.0,0.3,6.3
3,1,0.45,4.5,1.0,0.5,1.26,0.0,0.3,7.56
3,1,0.86,6.0,0.0,0.5,1.36,0.0,0.3,8.16
3,1,2.18,8.5,0.0,0.5,0.0,0.0,0.3,9.3
3,1,4.06,15.0,0.5,0.5,0.0,0.0,0.3,16.3
3,1,1.57,8.5,1.0,0.5,2.06,0.0,0.3,12.36
3,1,2.73,13.0,1.0,0.5,2.96,0.0,0.3,17.76
3,1,0.48,4.0,0.0,0.5,0.0,0.0,0.3,4.8
3,1,6.8,24.5,0.0,0.5,0.0,0.0,0.3,25.3
3,1,1.1,5.0,0.0,0.5,0.0,0.0,0.3,5.8
3,1,0.42,4.0,1.0,0.5,0.0,0.0,0.3,5.8
3,1,0.69,6.5,0.0,0.5,0.0,0.0,0.3,7.3
3,1,3.33,13.5,0.5,0.5,2.52,0.0,0.3,17.32
3,1,1.78,10.0,1.0,0.5,1.18,0.0,0.3,12.98
3,1,2.08,10.0,1.0,0.5,0.0,0.0,0.3,11.8
3,1,0.82,6.5,0.5,0.5,1.56,0.0,0.3,9.36
3,1,2.15,10.0,0.0,0.5,2.16,0.0,0.3,12.96
3,1,2.71,13.0,0.5,0.5,2.15,0.0,0.3,16.45
3,1,0.52,5.0,0.0,0.5,1.16,0.0,0.3,6.96
3,1,1.01,6.0,0.5,0.5,0.15,0.0,0.3,7.45
3,1,0.44,3.5,0.0,0.5,0.0,0.0,0.3,4.3
3,1,1.33,9.5,0.0,0.5,0.0,0.0,0.3,10.3
3,1,6.75,22.0,0.0,0.5,0.0,0.0,0.3,22.8
3,1,16.86,52.0,0.0,0.5,0.0,5.54,0.3,58.34
3,1,3.01,11.5,0.0,0.5,2.46,0.0,0.3,14.76
3,1,2.82,12.0,1.0,0.5,0.0,0.0,0.3,13.8
3,1,2.92,11.5,0.0,0.5,1.23,0.0,0.3,13.53
3,1,3.13,12.5,0.0,0.5,3.99,0.0,0.3,17.29
3,1,3.58,20.5,0.0,0.5,3.2,0.0,0.3,24.5
3,1,2.71,17.0,0.0,0.5,3.56,0.0,0.3,21.36
3,1,2.96,11.0,0.5,0.5,2.21,0.0,0.3,14.51
3,1,0.61,4.0,0.0,0.5,0.0,0.0,0.3,4.8
3,1,1.28,7.5,0.5,0.5,1.32,0.0,0.3,10.12
3,1,6.13,25.5,1.0,0.5,3.94,5.54,0.3,36.78
3,1,3.17,15.0,0.5,0.5,0.0,0.0,0.3,16.3
3,1,1.01,7.0,0.5,0.5,0.0,0.0,0.3,8.3
3,1,2.19,16.0,1.0,0.5,0.0,0.0,0.3,17.8
3,1,0.78,5.5,0.0,0.5,1.26,0.0,0.3,7.56
3,1,3.62,13.0,0.5,0.5,0.0,0.0,0.3,14.3
3,1,1.2,5.5,0.5,0.5,0.0,0.0,0.3,6.8
3,1,3.06,12.5,0.5,0.5,0.0,0.0,0.3,13.8
3,1,1.85,15.0,0.0,0.5,3.16,0.0,0.3,18.96
3,1,1.71,9.5,1.0,0.5,2.26,0.0,0.3,13.56
3,1,3.45,14.0,0.5,0.5,3.06,0.0,0.3,18.36
3,1,2.28,12.0,0.5,0.5,2.66,0.0,0.3,15.96
3,1,8.26,27.5,0.0,0.5,6.77,5.54,0.3,40.61
3,1,1.11,7.0,1.0,0.5,0.09,0.0,0.3,8.89
3,1,2.84,13.0,1.0,0.5,1.48,0.0,0.3,16.28
3,1,1.56,9.0,0.5,0.5,0.0,0.0,0.3,10.3
3,1,1.29,8.5,0.0,0.5,0.0,0.0,0.3,9.3
3,1,4.19,17.0,0.0,0.5,2.67,0.0,0.3,20.47
3,1,3.68,15.5,0.0,0.5,0.0,0.0,0.3,16.3
3,1,0.71,5.0,0.5,0.5,0.0,0.0,0.3,6.3
3,1,3.99,17.0,1.0,0.5,0.0,0.0,0.3,18.8
3,1,0.41,4.0,0.0,0.5,0.48,0.0,0.3,5.28
3,1,0.0,2.5,0.5,0.5,0.0,0.0,0.3,3.8
3,1,0.71,5.0,0.0,0.5,1.45,0.0,0.3,7.25
3,1,2.06,11.5,1.0,0.5,2.0,0.0,0.3,15.3
3,1,0.83,5.5,0.5,0.5,1.02,0.0,0.3,7.82
3,1,1.7,9.0,1.0,0.5,1.08,0.0,0.3,11.88
3,1,2.98,10.5,0.5,0.5,0.0,0.0,0.3,11.8
3,1,11.81,34.5,0.0,0.5,0.0,0.0,0.3,35.3
3,1,3.17,14.0,1.0,0.5,0.0,0.0,0.3,15.8
3,1,1.32,7.0,0.0,0.5,0.0,0.0,0.3,7.8
3,1,0.87,5.0,0.0,0.5,1.16,0.0,0.3,6.96
3,1,0.72,4.5,0.5,0.5,0.0,0.0,0.3,5.8
3,1,2.51,11.5,0.5,0.5,0.0,0.0,0.3,12.8
3,1,1.4,7.0,0.5,0.5,0.0,0.0,0.3,8.3
3,1,5.4,28.0,0.0,0.5,2.88,0.0,0.3,31.68
3,1,1.44,7.0,0.5,0.5,0.0,0.0,0.3,8.3
3,1,0.82,6.5,0.0,0.5,0.37,0.0,0.3,7.67
3,1,1.86,10.0,0.0,0.5,0.0,0.0,0.3,10.8
3,1,2.12,9.5,0.0,0.5,0.0,0.0,0.3,10.3
3,1,0.98,6.0,0.0,0.5,0.0,0.0,0.3,6.8
3,1,0.98,6.5,0.5,0.5,0.0,0.0,0.3,7.8
3,1,2.13,17.5,0.0,0.5,3.66,0.0,0.3,21.96
3,1,0.68,5.0,0.5,0.5,0.0,0.0,0.3,6.3
3,1,1.04,10.5,0.0,0.5,0.0,0.0,0.3,11.3
3,1,3.64,18.5,0.5,0.5,5.94,0.0,0.3,25.74
3,1,2.09,12.0,0.0,0.5,0.0,0.0,0.3,12.8
3,1,1.35,7.0,0.0,0.5,0.0,0.0,0.3,7.8
3,1,1.85,8.0,0.0,0.5,1.76,0.0,0.3,10.56
3,1,0.98,5.5,0.0,0.5,1.58,0.0,0.3,7.88
3,1,1.58,13.0,0.0,0.5,2.07,0.0,0.3,15.87
3,1,2.27,11.5,0.5,0.5,2.56,0.0,0.3,15.36
3,1,2.11,18.5,0.0,0.5,0.0,0.0,0.3,19.3
3,1,4.62,19.5,0.5,0.5,0.0,0.0,0.3,20.8
3,1,1.52,12.0,0.0,0.5,1.28,0.0,0.3,14.08
3,1,2.46,11.0,0.5,0.5,1.23,0.0,0.3,13.53
3,1,1.93,8.5,0.0,0.5,0.0,0.0,0.3,9.3
3,1,0.99,6.0,1.0,0.5,0.0,0.0,0.3,7.8
3,1,1.9,9.0,0.5,0.5,1.55,0.0,0.3,11.85
3,1,16.13,52.0,4.5,0.5,0.0,5.54,0.3,62.84
3,1,1.09,6.0,0.5,0.5,0.0,0.0,0.3,7.3
3,1,0.96,5.5,1.0,0.5,0.0,0.0,0.3,7.3
3,1,1.27,7.0,0.0,0.5,0.0,0.0,0.3,7.8
3,1,1.28,7.5,1.0,0.5,0.09,0.0,0.3,9.39
3,1,1.42,6.5,0.5,0.5,0.0,0.0,0.3,7.8
3,1,1.71,9.5,0.0,0.5,0.0,0.0,0.3,10.3
3,1,0.91,5.5,0.0,0.5,1.89,0.0,0.3,8.19
3,1,0.83,7.5,0.0,0.5,1.66,0.0,0.3,9.96
3,1,1.7,9.0,0.0,0.5,1.96,0.0,0.3,11.76
3,1,1.25,11.0,0.0,0.5,2.36,0.0,0.3,14.16
3,1,1.45,8.5,1.0,0.5,1.03,0.0,0.3,11.33
3,1,3.83,17.0,1.0,0.5,0.0,0.0,0.3,18.8
3,1,4.1,15.0,0.0,0.5,3.16,0.0,0.3,18.96
3,1,1.34,9.0,1.0,0.5,1.5,0.0,0.3,12.3
3,1,0.82,5.5,1.0,0.5,1.46,0.0,0.3,8.76
3,1,6.91,29.0,0.5,0.5,5.45,0.0,0.3,35.75
3,1,0.58,4.5,0.0,0.5,1.06,0.0,0.3,6.36
3,1,1.61,7.5,0.5,0.5,0.0,0.0,0.3,8.8
3,1,5.08,19.0,0.5,0.5,0.0,0.0,0.3,20.3
3,1,6.23,22.5,0.0,0.5,2.33,0.0,0.3,25.63
3,1,16.09,52.0,0.0,0.5,6.34,0.0,0.3,59.14
3,1,0.67,4.5,0.0,0.5,1.06,0.0,0.3,6.36
3,1,2.08,11.5,0.0,0.5,1.23,0.0,0.3,13.53
3,1,1.25,6.5,0.5,0.5,0.08,0.0,0.3,7.88
3,1,6.29,20.0,0.5,0.5,5.37,5.54,0.3,32.21
3,1,1.6,11.0,0.0,0.5,1.18,0.0,0.3,12.98
3,1,1.25,7.5,0.0,0.5,0.0,0.0,0.3,8.3
3,1,1.54,7.5,0.5,0.5,0.0,0.0,0.3,8.8
3,1,1.2,7.0,0.0,0.5,0.0,0.0,0.3,7.8
3,1,6.27,23.0,0.0,0.5,0.0,0.0,0.3,23.8
3,1,0.8,5.0,0.0,0.5,1.16,0.0,0.3,6.96
3,1,0.95,5.5,0.5,0.5,1.36,0.0,0.3,8.16
3,1,9.59,39.0,0.0,0.5,0.0,5.54,0.3,45.34
3,1,1.1,9.0,1.0,0.5,0.0,0.0,0.3,10.8
3,1,9.7,36.5,1.0,0.5,3.83,0.0,0.3,42.13
3,1,1.05,8.0,0.5,0.5,0.0,0.0,0.3,9.3
3,1,0.74,5.5,0.0,0.5,0.0,0.0,0.3,6.3
3,1,3.73,12.5,0.5,0.5,2.48,0.0,0.3,16.28
3,1,1.96,8.5,0.5,0.5,0.0,0.0,0.3,9.8
3,1,1.35,9.5,0.0,0.5,0.0,0.0,0.3,10.3
3,1,0.53,5.0,1.0,0.5,0.0,0.0,0.3,6.8
3,1,11.95,37.5,0.0,0.5,8.77,5.54,0.3,52.61
3,1,0.77,6.0,0.0,0.5,1.36,0.0,0.3,8.16
3,1,0.37,8.5,0.0,0.5,0.0,0.0,0.3,9.3
3,1,3.37,15.0,0.0,0.5,0.0,0.0,0.3,15.8
3,1,0.48,4.5,0.5,0.5,0.0,0.0,0.3,5.8
3,1,1.19,9.0,0.0,0.5,0.0,0.0,0.3,9.8
3,1,0.94,5.5,1.0,0.5,0.0,0.0,0.3,7.3
3,1,3.36,14.0,0.0,0.5,2.96,0.0,0.3,17.76
3,1,1.04,6.0,0.5,0.5,1.1,0.0,0.3,8.4
3,1,0.91,6.5,0.0,0.5,0.0,0.0,0.3,7.3
3,1,3.4,12.0,0.5,0.5,1.33,0.0,0.3,14.63
3,1,3.75,13.5,0.0,0.5,0.0,0.0,0.3,14.3
3,1,8.83,27.5,0.5,0.5,3.43,5.54,0.3,37.77
3,1,1.33,10.5,1.0,0.5,0.0,0.0,0.3,12.3
3,1,12.41,38.5,0.0,0.5,3.93,0.0,0.3,43.23
3,1,2.1,9.0,1.0,0.5,1.08,0.0,0.3,11.88
3,1,1.13,6.0,0.5,0.5,1.46,0.0,0.3,8.76
3,1,5.7,21.0,0.5,0.5,2.68,0.0,0.3,24.98
3,1,0.0,10.3,0.0,0.5,2.22,0.0,0.3,13.32
3,1,3.28,23.0,1.0,0.5,0.0,0.0,0.3,24.8
3,1,2.54,12.0,0.5,0.5,3.33,0.0,0.3,16.63
3,1,0.53,5.5,0.0,0.5,0.0,0.0,0.3,6.3
3,1,0.78,5.0,1.0,0.5,0.0,0.0,0.3,6.8
3,1,0.8,9.0,0.0,0.5,1.47,0.0,0.3,11.27
3,1,3.35,14.0,0.5,0.5,1.53,0.0,0.3,16.83
3,1,1.81,9.0,0.5,0.5,0.0,0.0,0.3,10.3
3,1,1.87,8.0,1.0,0.5,1.96,0.0,0.3,11.76
3,1,1.0,6.5,0.5,0.5,0.0,0.0,0.3,7.8
3,1,0.57,4.0,0.5,0.5,0.0,0.0,0.3,5.3
3,1,1.42,6.5,1.0,0.5,1.66,0.0,0.3,9.96
3,1,1.87,12.5,0.0,0.5,2.66,0.0,0.3,15.96
3,1,5.66,20.0,0.0,0.5,3.12,0.0,0.3,23.92
3,1,1.58,9.0,0.0,0.5,0.1,0.0,0.3,9.9
3,1,1.04,6.0,0.5,0.5,0.73,0.0,0.3,8.03
3,1,5.06,18.0,0.0,0.5,3.76,0.0,0.3,22.56
3,1,2.12,10.0,0.5,0.5,1.13,0.0,0.3,12.43
3,1,2.12,10.5,0.5,0.5,0.0,0.0,0.3,11.8
3,1,2.87,12.0,1.0,0.5,2.76,0.0,0.3,16.56
3,1,6.19,20.0,0.0,0.5,0.0,0.0,0.3,20.8
3,1,2.28,10.0,0.0,0.5,0.0,0.0,0.3,10.8
3,1,0.0,8.0,0.0,0.5,0.0,0.0,0.3,8.8
3,1,12.91,47.0,0.0,0.5,4.78,0.0,0.3,52.58
3,1,0.0,10.3,0.0,0.5,0.0,0.0,0.3,11.1
3,1,1.91,13.0,1.0,0.5,0.0,0.0,0.3,14.8
3,1,4.19,15.5,0.5,0.5,0.0,0.0,0.3,16.8
3,1,3.76,18.0,1.0,0.5,2.97,0.0,0.3,22.77
3,1,17.15,52.0,0.0,0.5,11.67,5.54,0.3,70.01
3,1,2.72,12.0,0.5,0.5,2.66,0.0,0.3,15.96
3,1,0.0,2.5,0.5,0.5,0.0,0.0,0.3,3.8
3,1,0.5,4.0,1.0,0.5,0.58,0.0,0.3,6.38
3,1,1.55,8.0,0.5,0.5,1.4,0.0,0.3,10.7
3,1,2.33,11.0,0.0,0.5,0.24,0.0,0.3,12.04
3,1,5.72,21.5,0.5,0.5,0.0,0.0,0.3,22.8
3,1,2.89,12.5,1.0,0.5,1.0,0.0,0.3,15.3
3,1,2.46,13.0,0.5,0.5,2.86,0.0,0.3,17.16
3,1,0.86,8.5,1.0,0.5,0.0,0.0,0.3,10.3
3,1,0.0,46.5,0.0,0.5,13.24,0.0,0.3,60.54
3,1,1.94,9.5,0.5,0.5,0.0,0.0,0.3,10.8
3,1,6.31,41.0,1.0,0.5,0.0,5.54,0.3,48.34
3,1,6.57,28.5,0.5,0.5,0.0,0.0,0.3,29.8
3,1,0.56,4.0,0.5,0.5,0.0,0.0,0.3,5.3
3,1,3.81,15.5,0.5,0.5,2.52,0.0,0.3,19.32
3,1,0.42,4.0,1.0,0.5,0.0,0.0,0.3,5.8
3,1,4.45,22.5,0.0,0.5,0.0,0.0,0.3,23.3
3,1,1.79,8.0,0.5,0.5,0.0,0.0,0.3,9.3
3,1,2.07,8.5,0.5,0.5,1.96,0.0,0.3,11.76
3,1,3.64,14.5,0.5,0.5,3.16,0.0,0.3,18.96
3,1,16.8,52.0,0.0,0.5,8.75,5.54,0.3,67.09
3,1,0.46,5.0,0.0,0.5,1.16,0.0,0.3,6.96
3,1,1.38,6.5,0.0,0.5,1.46,0.0,0.3,8.76
3,1,4.33,16.5,0.0,0.5,0.0,0.0,0.3,17.3
3,1,1.6,9.5,0.5,0.5,0.0,0.0,0.3,10.8
3,1,16.57,52.0,0.0,0.5,0.0,5.54,0.3,58.34
3,1,2.28,12.5,0.0,0.5,0.0,0.0,0.3,13.3
3,1,1.09,6.0,0.5,0.5,1.46,0.0,0.3,8.76
3,1,6.04,21.0,0.0,0.5,0.0,5.54,0.3,27.34
3,1,0.91,5.5,0.5,0.5,1.36,0.0,0.3,8.16
3,1,5.13,19.0,0.5,0.5,0.0,0.0,0.3,20.3
3,1,3.11,13.0,0.5,0.5,0.0,0.0,0.3,14.3
3,1,10.58,37.5,0.5,0.5,5.82,0.0,0.3,44.62
3,1,7.06,25.0,0.0,0.5,5.16,0.0,0.3,30.96
3,1,2.14,15.0,0.5,0.5,1.79,0.0,0.3,18.09
3,1,1.57,12.0,0.0,0.5,2.56,0.0,0.3,15.36
3,1,1.57,8.0,0.0,0.5,1.0,0.0,0.3,9.8
3,1,1.13,6.0,1.0,0.5,0.78,0.0,0.3,8.58
3,1,3.16,20.5,0.0,0.5,3.2,0.0,0.3,24.5
3,1,0.24,3.0,0.0,0.5,0.0,0.0,0.3,3.8
3,1,0.54,4.5,0.0,0.5,1.06,0.0,0.3,6.36
3,1,5.93,21.5,0.0,0.5,0.0,0.0,0.3,22.3
3,1,1.12,6.0,0.0,0.5,0.68,0.0,0.3,7.48
3,1,1.58,9.5,1.0,0.5,2.26,0.0,0.3,13.56
3,1,0.39,6.5,1.0,0.5,0.0,0.0,0.3,8.3
3,1,2.29,11.5,0.0,0.5,0.0,0.0,0.3,12.3
3,1,2.09,11.5,0.0,0.5,0.0,0.0,0.3,12.3
3,1,3.24,16.0,0.5,0.5,2.6,0.0,0.3,19.9
3,1,2.64,15.0,0.0,0.5,0.0,0.0,0.3,15.8
3,1,2.75,12.5,0.0,0.5,0.0,0.0,0.3,13.3
3,1,0.0,62.0,0.0,0.5,6.28,0.0,0.3,69.08
3,1,0.54,4.0,0.5,0.5,0.0,0.0,0.3,5.3
3,1,2.47,14.0,0.0,0.5,0.0,0.0,0.3,14.8
3,1,5.47,19.5,0.0,0.5,0.0,0.0,0.3,20.3
3,1,3.57,19.0,0.0,0.5,0.0,0.0,0.3,19.8
3,1,2.15,10.0,1.0,0.5,0.0,0.0,0.3,11.8
3,1,1.51,7.5,0.5,0.5,0.18,0.0,0.3,8.98
3,1,2.7,14.5,0.0,0.5,0.0,0.0,0.3,15.3
3,1,1.32,6.0,0.0,0.5,0.0,0.0,0.3,6.8
3,1,1.54,9.0,0.0,0.5,0.0,0.0,0.3,9.8
3,1,0.05,2.5,0.5,0.5,0.0,0.0,0.3,3.8
3,1,2.47,9.5,0.0,0.5,0.0,0.0,0.3,10.3
3,1,8.02,35.5,0.0,0.5,0.0,5.54,0.3,41.84
3,1,0.13,3.0,0.0,0.5,0.0,0.0,0.3,3.8
3,1,5.43,20.5,0.5,0.5,3.27,0.0,0.3,25.07
3,1,2.12,8.0,0.0,0.5,1.76,0.0,0.3,10.56
3,1,0.58,4.5,1.0,0.5,0.95,0.0,0.3,7.25
3,1,1.05,6.5,0.5,0.5,0.0,0.0,0.3,7.8
3,1,2.21,9.0,0.0,0.5,1.47,0.0,0.3,11.27
3,1,10.16,40.0,0.0,0.5,0.0,5.54,0.3,46.34
3,1,3.73,16.0,0.0,0.5,0.0,0.0,0.3,16.8
3,1,19.57,52.0,0.0,0.5,10.56,0.0,0.3,63.36
3,1,1.01,5.0,0.5,0.5,126.0,0.0,0.3,132.3
3,1,1.71,10.0,0.5,0.5,0.0,0.0,0.3,11.3
3,1,1.59,8.5,0.5,0.5,0.0,0.0,0.3,9.8
3,1,10.59,29.5,0.5,0.5,5.45,5.54,0.3,41.79
3,1,9.12,34.0,0.0,0.5,0.0,5.54,0.3,40.34
3,1,10.41,39.0,0.0,0.5,0.0,5.54,0.3,45.34
3,1,1.96,9.0,1.0,0.5,0.0,0.0,0.3,10.8
3,1,1.16,8.5,0.5,0.5,0.0,0.0,0.3,9.8
3,1,0.79,7.0,0.5,0.5,0.83,0.0,0.3,9.13
3,1,1.74,9.5,0.5,0.5,0.0,0.0,0.3,10.8
3,1,2.68,10.5,0.5,0.5,0.24,0.0,0.3,12.04
3,1,2.53,11.0,0.5,0.5,1.23,0.0,0.3,13.53
3,1,0.91,5.5,0.0,0.5,0.0,0.0,0.3,6.3
3,1,1.56,10.5,0.0,0.5,2.83,0.0,0.3,14.13
3,1,1.0,5.5,0.0,0.5,1.26,0.0,0.3,7.56
3,1,3.74,14.5,0.0,0.5,1.53,0.0,0.3,16.83
3,1,19.92,52.0,0.0,0.5,0.0,5.54,0.3,58.34
3,1,10.19,34.5,0.0,0.5,0.0,5.54,0.3,40.84
3,1,3.17,12.0,0.0,0.5,0.0,0.0,0.3,12.8
3,1,8.17,28.0,0.5,0.5,6.97,5.54,0.3,41.81
3,1,1.5,9.0,0.0,0.5,1.96,0.0,0.3,11.76
3,1,1.09,7.5,0.0,0.5,0.0,0.0,0.3,8.3
3,1,19.25,52.0,0.0,0.5,0.0,0.0,0.3,52.8
3,1,0.0,16.5,0.0,0.5,2.6,0.0,0.3,19.9
3,1,1.46,9.5,0.0,0.5,2.06,0.0,0.3,12.36
3,1,1.01,7.5,0.0,0.5,1.25,0.0,0.3,9.55
3,1,4.34,21.5,0.0,0.5,4.46,0.0,0.3,26.76
3,1,4.02,18.5,0.0,0.5,0.0,0.0,0.3,19.3
3,1,2.33,12.0,0.5,0.5,2.66,0.0,0.3,15.96
3,1,1.23,6.5,0.0,0.5,0.0,0.0,0.3,7.3
3,1,1.89,10.0,0.5,0.5,0.0,0.0,0.3,11.3
3,1,0.86,4.5,0.5,0.5,0.0,0.0,0.3,5.8
3,1,0.66,6.0,0.0,0.5,0.0,0.0,0.3,6.8
3,1,0.68,5.0,0.5,0.5,0.0,0.0,0.3,6.3
3,1,0.71,5.0,0.5,0.5,0.0,0.0,0.3,6.3
3,1,1.26,7.0,0.0,0.5,0.78,0.0,0.3,8.58
3,1,1.42,8.0,0.0,0.5,0.0,0.0,0.3,8.8
3,1,1.2,8.5,0.0,0.5,0.0,0.0,0.3,9.3
3,1,1.34,8.5,0.0,0.5,0.0,0.0,0.3,9.3
3,1,0.85,6.0,0.0,0.5,0.0,0.0,0.3,6.8
3,1,1.33,6.5,0.5,0.5,0.0,0.0,0.3,7.8
3,1,1.6,7.5,1.0,0.5,0.0,0.0,0.3,9.3
3,1,1.97,16.5,0.0,0.5,2.6,0.0,0.3,19.9
3,1,1.7,7.5,0.0,0.5,1.66,0.0,0.3,9.96
3,1,1.87,8.0,1.0,0.5,1.96,0.0,0.3,11.76
3,1,1.59,7.5,0.0,0.5,1.0,0.0,0.3,9.3
3,1,1.5,8.0,1.0,0.5,0.0,0.0,0.3,9.8
3,1,11.16,49.0,0.0,0.5,11.07,5.54,0.3,66.41
3,1,2.89,11.0,1.0,0.5,1.92,0.0,0.3,14.72
3,1,0.58,5.0,1.0,0.5,0.68,0.0,0.3,7.48
3,1,4.86,22.0,1.0,0.5,0.48,0.0,0.3,24.28
3,1,13.93,42.0,0.0,0.5,0.0,0.0,0.3,42.8
3,1,0.77,5.0,1.0,0.5,1.02,0.0,0.3,7.82
3,1,2.0,9.5,0.0,0.5,0.0,5.54,0.3,15.84
3,1,2.46,14.5,0.0,0.5,0.0,0.0,0.3,15.3
3,1,2.39,10.5,0.5,0.5,0.0,0.0,0.3,11.8
3,1,1.03,7.0,0.0,0.5,0.0,0.0,0.3,7.8
3,1,2.56,15.5,0.0,0.5,0.0,0.0,0.3,16.3
3,1,0.0,11.3,0.0,0.5,1.82,0.0,0.3,13.92
3,1,10.75,30.5,0.5,0.5,0.0,0.0,0.3,31.8
3,1,6.17,22.0,0.0,0.5,0.0,0.0,0.3,22.8
3,1,10.94,44.0,1.0,0.5,0.0,0.0,0.3,45.8
3,1,3.37,17.0,1.0,0.5,3.38,0.0,0.3,22.18
3,1,1.88,9.0,0.5,0.5,2.06,0.0,0.3,12.36
3,1,1.42,7.5,0.5,0.5,0.0,0.0,0.3,8.8
3,1,1.11,7.5,0.0,0.5,1.0,0.0,0.3,9.3
3,1,2.94,14.0,0.5,0.5,0.0,0.0,0.3,15.3
3,1,0.82,6.5,0.5,0.5,0.0,0.0,0.3,7.8
3,1,8.36,30.5,1.0,0.5,0.0,0.0,0.3,32.3
3,1,2.03,10.5,1.0,0.5,1.23,0.0,0.3,13.53
3,1,9.21,36.5,1.0,0.5,0.0,5.54,0.3,43.84
3,1,3.61,14.5,0.5,0.5,0.0,0.0,0.3,15.8
3,1,3.22,14.5,0.5,0.5,0.0,0.0,0.3,15.8
3,1,1.65,8.5,1.0,0.5,0.0,0.0,0.3,10.3
3,1,0.52,4.5,0.5,0.5,0.0,0.0,0.3,5.8
3,1,1.47,7.0,0.0,0.5,1.56,0.0,0.3,9.36
3,1,3.8,13.5,0.5,0.5,0.0,0.0,0.3,14.8
3,1,0.89,4.5,0.5,0.5,0.06,0.0,0.3,5.86
3,1,5.31,18.0,0.5,0.5,3.86,0.0,0.3,23.16
3,1,1.01,7.0,0.0,0.5,1.56,0.0,0.3,9.36
3,1,7.55,23.0,1.0,0.5,0.0,5.54,0.3,30.34
3,1,0.28,3.0,1.0,0.5,0.96,0.0,0.3,5.76
3,1,1.08,6.5,0.0,0.5,0.0,0.0,0.3,7.3
3,1,0.0,2.5,1.0,0.5,0.0,0.0,0.3,4.3
3,1,0.91,5.5,1.0,0.5,1.46,0.0,0.3,8.76
3,1,2.47,11.0,0.5,0.5,0.0,0.0,0.3,12.3
3,1,0.7,7.5,1.0,0.5,0.0,0.0,0.3,9.3
3,1,1.89,7.5,0.5,0.5,0.88,0.0,0.3,9.68
3,1,15.88,52.0,0.0,0.5,5.28,0.0,0.3,58.08
3,1,4.4,21.5,0.0,0.5,0.0,0.0,0.3,22.3
3,1,5.33,19.5,0.5,0.5,4.16,0.0,0.3,24.96
3,1,9.3,34.5,0.5,0.5,0.0,0.0,0.3,35.8
3,1,3.14,11.5,0.5,0.5,0.0,0.0,0.3,12.8
3,1,0.88,8.5,1.0,0.5,2.06,0.0,0.3,12.36
3,1,0.23,4.0,0.0,0.5,0.0,0.0,0.3,4.8
3,1,11.1,32.0,0.5,0.5,0.0,0.0,0.3,33.3
3,1,0.93,8.5,1.0,0.5,0.0,0.0,0.3,10.3
3,1,10.87,36.5,0.0,0.5,7.46,0.0,0.3,44.76
3,1,0.47,3.5,1.0,0.5,0.0,0.0,0.3,5.3
3,1,2.06,9.0,0.0,0.5,0.0,0.0,0.3,9.8
3,1,4.32,20.5,1.0,0.5,3.35,0.0,0.3,25.65
3,1,1.12,8.5,1.0,0.5,2.06,0.0,0.3,12.36
3,2,3.01,12.0,0.5,0.5,2.0,0.0,0.3,15.3
3,1,2.76,12.0,0.5,0.5,0.0,0.0,0.3,13.3
3,1,0.68,4.5,0.0,0.5,0.0,0.0,0.3,5.3
3,1,0.22,6.0,1.0,0.5,0.0,0.0,0.3,7.8
3,1,0.88,9.0,0.0,0.5,0.98,0.0,0.3,10.78
3,1,0.02,2.5,0.0,0.5,0.0,0.0,0.3,3.3
3,1,2.05,8.5,0.0,0.5,1.86,0.0,0.3,11.16
3,1,4.42,16.0,1.0,0.5,0.0,0.0,0.3,17.8
3,1,0.58,4.5,0.0,0.5,0.0,0.0,0.3,5.3
3,1,0.43,5.5,1.0,0.5,0.0,0.0,0.3,7.3
3,1,0.94,6.0,0.0,0.5,0.0,0.0,0.3,6.8
3,1,1.51,8.5,1.0,0.5,2.06,0.0,0.3,12.36
3,1,1.12,6.5,1.0,0.5,1.25,0.0,0.3,9.55
3,1,2.8,22.5,0.0,0.5,4.66,0.0,0.3,27.96
3,1,1.77,8.0,0.5,0.5,0.0,0.0,0.3,9.3
3,1,2.28,14.5,0.5,0.5,0.0,0.0,0.3,15.8
3,1,0.98,7.0,0.0,0.5,0.0,0.0,0.3,7.8
3,1,2.51,10.5,0.5,0.5,2.95,0.0,0.3,14.75
3,1,1.86,11.5,1.0,0.5,0.0,0.0,0.3,13.3
3,1,3.46,12.0,0.5,0.5,0.0,0.0,0.3,13.3
3,1,3.04,15.5,1.0,0.5,0.0,0.0,0.3,17.3
3,1,4.01,19.0,0.0,0.5,3.96,0.0,0.3,23.76
3,1,0.64,4.5,0.5,0.5,0.0,0.0,0.3,5.8
3,1,0.89,7.5,0.0,0.5,1.0,0.0,0.3,9.3
3,1,2.09,12.0,0.0,0.5,0.0,0.0,0.3,12.8
3,1,9.1,47.0,0.0,0.5,0.0,5.54,0.3,53.34
3,1,1.47,8.5,0.0,0.5,1.4,0.0,0.3,10.7
3,1,12.09,34.5,0.0,0.5,7.06,0.0,0.3,42.36
3,1,1.53,9.0,0.0,0.5,0.0,0.0,0.3,9.8
3,1,0.67,4.5,0.5,0.5,0.0,0.0,0.3,5.8
3,1,1.81,9.5,0.0,0.5,0.0,0.0,0.3,10.3
3,1,0.74,5.0,0.5,0.5,0.0,0.0,0.3,6.3
3,2,0.03,2.5,0.0,0.5,0.0,0.0,0.3,3.3
3,1,0.9,7.0,0.0,0.5,0.0,0.0,0.3,7.8
3,1,2.64,11.5,0.0,0.5,0.0,0.0,0.3,12.3
3,1,1.56,8.5,1.0,0.5,2.06,0.0,0.3,12.36
3,1,2.26,10.0,0.5,0.5,0.0,0.0,0.3,11.3
3,1,0.7,5.0,0.0,0.5,0.0,0.0,0.3,5.8
3,1,1.71,9.0,0.5,0.5,0.41,0.0,0.3,10.71
3,1,4.52,22.5,0.5,0.5,0.0,0.0,0.3,23.8
3,1,0.95,7.5,0.0,0.5,0.0,0.0,0.3,8.3
3,1,1.02,6.0,0.0,0.5,1.36,0.0,0.3,8.16
3,1,3.87,15.5,0.5,0.5,0.0,0.0,0.3,16.8
3,1,1.23,10.5,0.0,0.5,0.0,0.0,0.3,11.3
3,1,7.61,26.0,0.5,0.5,0.0,0.0,0.3,27.3
3,1,1.74,9.0,0.0,0.5,0.0,0.0,0.3,9.8
3,1,1.69,10.5,0.0,0.5,2.26,0.0,0.3,13.56
3,1,1.43,6.5,0.0,0.5,1.46,0.0,0.3,8.76
3,1,5.2,24.0,0.5,0.5,0.0,0.0,0.3,25.3
3,1,2.51,13.0,0.0,0.5,0.0,0.0,0.3,13.8
3,1,0.5,4.5,0.5,0.5,0.0,0.0,0.3,5.8
3,1,7.15,26.5,0.5,0.5,0.0,0.0,0.3,27.8
3,1,0.75,4.5,0.5,0.5,0.0,0.0,0.3,5.8
3,1,1.36,7.0,0.0,0.5,0.0,0.0,0.3,7.8
3,1,0.55,4.5,1.0,0.5,1.26,0.0,0.3,7.56
3,1,3.07,21.5,1.0,0.5,0.0,0.0,0.3,23.3
3,1,0.53,4.0,0.0,0.5,0.0,0.0,0.3,4.8
3,1,1.94,12.5,0.5,0.5,2.76,0.0,0.3,16.56
3,1,1.86,10.5,0.0,0.5,1.13,0.0,0.3,12.43
3,1,1.6,7.5,0.0,0.5,1.25,0.0,0.3,9.55
3,1,1.02,8.5,1.0,0.5,0.0,0.0,0.3,10.3
3,1,7.42,25.5,0.0,0.5,4.78,5.54,0.3,36.62
3,1,0.64,4.0,0.0,0.5,0.0,0.0,0.3,4.8
3,1,1.59,8.0,0.5,0.5,0.19,0.0,0.3,9.49
3,1,2.12,10.5,0.0,0.5,0.0,0.0,0.3,11.3
3,1,2.06,8.5,0.5,0.5,1.76,0.0,0.3,11.56
3,1,2.12,8.0,0.5,0.5,1.4,0.0,0.3,10.7
3,1,1.04,8.5,0.5,0.5,1.47,0.0,0.3,11.27
3,1,0.92,6.0,0.0,0.5,1.0,0.0,0.3,7.8
3,1,11.66,35.0,0.0,0.5,0.0,5.54,0.3,41.34
3,1,3.61,17.0,1.0,0.5,0.0,0.0,0.3,18.8
3,1,1.01,6.0,0.5,0.5,1.1,0.0,0.3,8.4
3,1,11.2,32.0,0.0,0.5,0.0,5.54,0.3,38.34
3,1,1.38,7.0,0.5,0.5,1.66,0.0,0.3,9.96
3,1,6.94,26.0,1.0,0.5,6.67,5.54,0.3,40.01
3,1,0.47,4.0,0.0,0.5,0.0,0.0,0.3,4.8
3,1,0.62,7.5,0.5,0.5,0.0,0.0,0.3,8.8
3,1,1.81,11.0,0.0,0.5,1.18,0.0,0.3,12.98
3,1,1.07,6.0,0.5,0.5,0.0,0.0,0.3,7.3
3,1,7.38,25.0,0.0,0.5,0.0,5.54,0.3,31.34
3,1,0.88,10.0,0.0,0.5,0.0,0.0,0.3,10.8
3,1,0.31,3.5,1.0,0.5,0.0,0.0,0.3,5.3
3,1,1.63,8.5,0.5,0.5,0.0,0.0,0.3,9.8
3,1,0.56,4.5,1.0,0.5,1.26,0.0,0.3,7.56
3,1,3.25,16.0,1.0,0.5,0.0,0.0,0.3,17.8
3,1,12.43,37.0,0.0,0.5,5.67,0.0,0.3,43.47
3,1,0.85,7.0,0.0,0.5,1.17,0.0,0.3,8.97
3,1,0.0,2.5,1.0,0.5,0.0,5.54,0.3,9.84
3,1,7.67,28.5,1.0,0.5,0.0,5.54,0.3,35.84
3,1,5.44,26.0,0.0,0.5,1.34,0.0,0.3,28.14
3,1,5.54,19.0,0.0,0.5,4.56,5.54,0.3,29.9
3,1,3.42,14.5,1.0,0.5,3.26,0.0,0.3,19.56
3,1,1.86,8.0,1.0,0.5,0.98,0.0,0.3,10.78
3,1,2.64,10.0,0.0,0.5,1.62,0.0,0.3,12.42
3,1,1.13,6.5,1.0,0.5,0.0,0.0,0.3,8.3
3,1,1.25,6.5,0.5,0.5,0.0,0.0,0.3,7.8
3,1,1.17,6.0,0.5,0.5,0.0,0.0,0.3,7.3
3,1,1.84,9.0,0.0,0.5,0.0,0.0,0.3,9.8
3,2,0.85,5.0,0.0,0.5,0.0,0.0,0.3,5.8
3,1,0.77,6.5,0.0,0.5,0.0,0.0,0.3,7.3
3,1,9.31,31.0,0.0,0.5,7.47,5.54,0.3,44.81
3,1,0.86,4.5,0.5,0.5,0.0,0.0,0.3,5.8
3,1,3.06,14.0,0.0,0.5,2.96,0.0,0.3,17.76
3,1,4.25,20.5,0.0,0.5,0.0,0.0,0.3,21.3
3,1,2.77,14.5,0.0,0.5,0.0,0.0,0.3,15.3
3,1,0.0,2.5,0.0,0.5,0.0,0.0,0.3,3.3
3,1,1.99,8.5,0.0,0.5,0.0,0.0,0.3,9.3
3,1,2.05,11.0,0.0,0.5,0.0,0.0,0.3,11.8
3,1,2.26,10.5,0.5,0.5,2.36,0.0,0.3,14.16
3,1,1.22,8.0,0.0,0.5,0.0,0.0,0.3,8.8
3,1,3.51,13.0,0.5,0.5,2.86,0.0,0.3,17.16
3,1,2.79,13.5,0.0,0.5,2.86,0.0,0.3,17.16
3,1,6.41,20.0,0.5,0.5,0.0,0.0,0.3,21.3
3,1,0.72,5.0,0.0,0.5,1.16,0.0,0.3,6.96
3,1,3.82,21.5,0.5,0.5,0.0,0.0,0.3,22.8
3,1,2.74,13.5,1.0,0.5,0.77,0.0,0.3,16.07
3,1,10.66,38.0,0.0,0.5,0.0,5.54,0.3,44.34
3,1,3.85,17.0,0.0,0.5,0.0,0.0,0.3,17.8
3,1,0.65,7.0,1.0,0.5,0.0,0.0,0.3,8.8
3,1,8.2,29.0,0.0,0.5,5.96,0.0,0.3,35.76
3,1,1.88,9.0,0.5,0.5,0.0,0.0,0.3,10.3
3,1,0.73,9.0,1.0,0.5,0.0,0.0,0.3,10.8
3,1,2.97,12.0,0.0,0.5,0.0,0.0,0.3,12.8
3,1,9.48,30.5,1.0,0.5,4.85,0.0,0.3,37.15
3,1,0.8,6.0,0.5,0.5,0.89,0.0,0.3,8.19
3,1,4.16,14.0,0.5,0.5,1.99,0.0,0.3,17.29
3,1,1.63,8.5,0.5,0.5,0.2,0.0,0.3,10.0
3,1,11.97,38.0,1.0,0.5,0.0,0.0,0.3,39.8
3,1,1.04,5.5,0.5,0.5,1.36,0.0,0.3,8.16
3,1,3.62,14.5,0.0,0.5,0.0,0.0,0.3,15.3
3,1,4.88,33.5,1.0,0.5,1.77,0.0,0.3,37.07
3,1,1.62,8.0,0.0,0.5,0.0,0.0,0.3,8.8
3,1,0.46,6.5,0.5,0.5,0.0,0.0,0.3,7.8
3,1,1.55,12.5,0.0,0.5,0.53,0.0,0.3,13.83
3,1,4.27,16.5,0.5,0.5,0.0,0.0,0.3,17.8
3,1,1.28,6.5,1.0,0.5,0.0,0.0,0.3,8.3
3,1,1.76,8.0,0.5,0.5,0.0,0.0,0.3,9.3
3,1,9.28,39.0,0.0,0.5,9.07,5.54,0.3,54.41
3,1,7.75,26.0,1.0,0.5,5.0,5.54,0.3,38.34
3,1,8.41,31.0,1.0,0.5,3.28,0.0,0.3,36.08
3,1,1.26,8.0,0.5,0.5,0.0,0.0,0.3,9.3
3,1,11.22,31.5,1.0,0.5,5.0,0.0,0.3,38.3
3,1,3.08,10.0,0.0,0.5,0.0,0.0,0.3,10.8
3,1,1.57,10.5,0.5,0.5,0.0,0.0,0.3,11.8
3,1,3.59,13.0,0.0,0.5,0.0,0.0,0.3,13.8
3,1,1.61,10.5,0.5,0.5,0.0,0.0,0.3,11.8
3,1,6.3,22.5,0.0,0.5,0.0,0.0,0.3,23.3
3,1,0.01,2.5,0.0,0.5,0.0,0.0,0.3,3.3
3,1,0.91,6.5,0.5,0.5,0.0,0.0,0.3,7.8
3,1,2.09,14.0,0.0,0.5,0.0,0.0,0.3,14.8
3,1,18.85,52.0,0.0,0.5,0.0,5.54,0.3,58.34
3,1,0.33,3.5,0.5,0.5,0.0,0.0,0.3,4.8
3,1,1.16,10.0,0.5,0.5,0.0,0.0,0.3,11.3
3,1,3.93,14.5,0.0,0.5,0.0,0.0,0.3,15.3
3,1,2.48,14.5,0.5,0.5,3.16,0.0,0.3,18.96
3,1,3.48,15.0,1.0,0.5,3.36,0.0,0.3,20.16
3,1,2.48,10.5,0.0,0.5,0.0,0.0,0.3,11.3
3,1,1.5,13.0,1.0,0.5,0.0,0.0,0.3,14.8
3,1,1.0,5.0,0.0,0.5,0.0,0.0,0.3,5.8
3,1,1.93,9.0,0.5,0.5,0.0,0.0,0.3,10.3
3,1,1.91,10.0,0.0,0.5,0.0,0.0,0.3,10.8
3,1,2.16,13.5,0.5,0.5,0.0,0.0,0.3,14.8
3,1,1.13,6.0,0.5,0.5,1.46,0.0,0.3,8.76
3,1,1.34,7.0,1.0,0.5,0.0,0.0,0.3,8.8
3,1,0.45,4.0,0.0,0.5,0.96,0.0,0.3,5.76
3,1,0.34,4.5,0.0,0.5,1.06,0.0,0.3,6.36
3,1,0.58,4.5,0.0,0.5,1.06,0.0,0.3,6.36
3,1,2.32,9.0,0.5,0.5,2.58,0.0,0.3,12.88
3,1,11.14,34.0,0.0,0.5,0.0,5.54,0.3,40.34
3,1,1.36,7.0,0.0,0.5,0.78,0.0,0.3,8.58
3,1,4.23,14.5,0.0,0.5,2.3,0.0,0.3,17.6
3,1,2.02,12.0,1.0,0.5,3.45,0.0,0.3,17.25
3,1,1.19,8.5,1.0,0.5,3.09,0.0,0.3,13.39
3,1,0.57,5.5,0.5,0.5,1.02,0.0,0.3,7.82
3,1,4.38,24.5,0.0,0.5,0.0,0.0,0.3,25.3
3,1,2.94,18.0,0.0,0.5,2.82,0.0,0.3,21.62
3,1,2.2,10.5,0.0,0.5,0.0,0.0,0.3,11.3
3,1,1.39,7.5,0.5,0.5,0.0,0.0,0.3,8.8
3,1,0.8,5.5,0.5,0.5,0.0,0.0,0.3,6.8
3,1,0.4,3.5,0.0,0.5,0.65,0.0,0.3,4.95
3,1,0.27,3.0,0.0,0.5,0.0,0.0,0.3,3.8
3,1,5.72,19.0,0.0,0.5,2.97,0.0,0.3,22.77
3,1,0.0,3.0,1.0,0.5,0.0,0.0,0.3,4.8
3,1,2.48,12.0,0.5,0.5,0.0,0.0,0.3,13.3
3,1,4.49,16.5,0.0,0.5,0.0,0.0,0.3,17.3
3,1,12.26,36.0,0.5,0.5,0.0,0.0,0.3,37.3
3,1,0.68,4.0,0.0,0.5,0.0,0.0,0.3,4.8
3,1,3.89,12.5,0.5,0.5,0.0,0.0,0.3,13.8
3,1,8.15,26.0,0.0,0.5,0.0,0.0,0.3,26.8
3,1,1.64,10.5,1.0,0.5,0.0,0.0,0.3,12.3
3,1,2.55,11.0,0.0,0.5,2.36,0.0,0.3,14.16
3,1,1.26,10.5,1.0,0.5,1.23,0.0,0.3,13.53
3,1,1.24,7.0,0.5,0.5,1.25,0.0,0.3,9.55
3,1,1.43,11.0,1.0,0.5,2.56,0.0,0.3,15.36
3,1,9.04,27.0,0.0,0.5,1.39,0.0,0.3,29.19
3,1,1.17,7.5,1.0,0.5,1.86,0.0,0.3,11.16
3,1,5.79,22.5,0.0,0.5,0.0,0.0,0.3,23.3
3,1,4.12,17.5,0.5,0.5,2.82,0.0,0.3,21.62
3,1,21.51,52.0,0.0,0.5,0.0,5.54,0.3,58.34
3,1,0.39,4.0,0.5,0.5,1.06,0.0,0.3,6.36
3,1,0.35,3.5,0.5,0.5,0.0,0.0,0.3,4.8
3,1,7.1,23.0,0.5,0.5,0.0,0.0,0.3,24.3
3,1,1.99,15.5,1.0,0.5,3.46,0.0,0.3,20.76
3,1,6.51,21.5,0.0,0.5,1.5,0.0,0.3,23.8
3,1,1.53,10.0,0.0,0.5,1.62,0.0,0.3,12.42
3,1,1.02,6.0,1.0,0.5,1.56,0.0,0.3,9.36
3,1,1.47,10.0,0.0,0.5,2.16,0.0,0.3,12.96
3,1,0.66,5.0,0.0,0.5,0.0,0.0,0.3,5.8
3,1,0.48,4.0,0.0,0.5,0.0,0.0,0.3,4.8
3,1,2.48,12.5,0.0,0.5,0.2,0.0,0.3,13.5
3,1,2.77,16.5,0.0,0.5,0.0,0.0,0.3,17.3
3,1,1.69,9.5,0.5,0.5,0.0,0.0,0.3,10.8
3,1,1.76,11.5,0.0,0.5,0.0,0.0,0.3,12.3
3,1,0.74,5.0,1.0,0.5,1.7,0.0,0.3,8.5
3,1,1.38,6.5,0.5,0.5,0.0,0.0,0.3,7.8
3,1,2.62,11.0,0.0,0.5,0.0,0.0,0.3,11.8
3,1,1.71,10.0,0.0,0.5,0.0,0.0,0.3,10.8
3,1,2.6,13.5,0.5,0.5,2.22,0.0,0.3,17.02
3,1,0.81,10.5,0.0,0.5,0.0,0.0,0.3,11.3
3,1,1.22,9.0,0.5,0.5,0.0,0.0,0.3,10.3
3,1,7.26,22.5,0.0,0.5,3.5,0.0,0.3,26.8
3,1,0.19,2.5,1.0,0.5,0.0,0.0,0.3,4.3
3,2,1.72,10.0,0.0,0.5,0.0,0.0,0.3,10.8
3,1,9.14,34.0,0.0,0.5,1.74,0.0,0.3,36.54
3,1,4.02,15.0,0.5,0.5,1.63,0.0,0.3,17.93
3,1,4.94,19.5,0.5,0.5,1.04,0.0,0.3,21.84
3,1,1.25,7.5,0.0,0.5,0.0,0.0,0.3,8.3
3,1,0.9,9.0,0.0,0.5,0.0,0.0,0.3,9.8
3,1,0.76,5.0,0.5,0.5,0.0,0.0,0.3,6.3
3,1,0.81,5.0,1.0,0.5,1.36,0.0,0.3,8.16
3,1,0.81,5.0,0.0,0.5,1.16,0.0,0.3,6.96
3,1,2.57,11.5,0.0,0.5,0.0,0.0,0.3,12.3
3,1,0.17,4.0,0.5,0.5,0.0,0.0,0.3,5.3
3,1,2.08,8.5,0.5,0.5,1.96,0.0,0.3,11.76
3,1,7.66,22.5,0.5,0.5,0.0,0.0,0.3,23.8
3,1,17.65,52.0,0.0,0.5,5.83,5.54,0.3,64.17
3,1,1.76,11.0,0.0,0.5,0.0,0.0,0.3,11.8
3,1,0.89,6.5,0.0,0.5,0.0,0.0,0.3,7.3
3,1,11.4,33.5,0.5,0.5,0.0,5.54,0.3,40.34
3,1,0.3,3.0,0.0,0.5,0.0,0.0,0.3,3.8
3,1,4.27,17.0,0.0,0.5,0.0,0.0,0.3,17.8
3,1,2.06,9.5,0.5,0.5,0.0,0.0,0.3,10.8
3,1,0.79,6.5,1.0,0.5,0.83,0.0,0.3,9.13
3,1,10.82,44.5,0.5,0.5,9.16,0.0,0.3,54.96
3,1,13.29,38.5,0.0,0.5,8.97,5.54,0.3,53.81
3,1,8.51,30.0,0.5,0.5,7.37,5.54,0.3,44.21
3,1,0.76,5.0,0.0,0.5,0.0,0.0,0.3,5.8
3,1,1.66,10.5,0.0,0.5,1.47,0.0,0.3,12.77
3,1,20.95,52.0,0.0,0.5,0.0,5.54,0.3,58.34
3,1,2.78,12.0,0.0,0.5,1.92,0.0,0.3,14.72
3,1,0.7,6.5,0.5,0.5,0.0,0.0,0.3,7.8
3,1,2.26,11.0,0.0,0.5,2.36,0.0,0.3,14.16
3,1,2.1,10.5,0.5,0.5,0.0,0.0,0.3,11.8
3,1,2.73,14.0,0.0,0.5,0.0,0.0,0.3,14.8
3,1,11.58,38.0,1.0,0.5,7.96,0.0,0.3,47.76
3,1,1.2,7.5,0.0,0.5,1.66,0.0,0.3,9.96
3,1,1.51,8.5,1.0,0.5,0.0,0.0,0.3,10.3
3,1,1.78,7.5,0.5,0.5,0.0,0.0,0.3,8.8
3,1,1.36,8.5,0.5,0.5,0.98,0.0,0.3,10.78
3,1,1.35,7.0,0.5,0.5,1.66,0.0,0.3,9.96
3,1,17.75,52.0,0.0,0.5,0.0,5.54,0.3,58.34
3,1,10.72,44.0,1.0,0.5,9.16,0.0,0.3,54.96
3,1,0.64,4.5,0.5,0.5,0.0,0.0,0.3,5.8
3,1,1.83,12.5,0.5,0.5,0.0,0.0,0.3,13.8
3,1,0.09,4.5,0.5,0.5,0.0,0.0,0.3,5.8
3,1,2.54,11.5,0.0,0.5,1.85,0.0,0.3,14.15
3,1,1.11,8.0,1.0,0.5,0.0,0.0,0.3,9.8
3,1,1.58,9.0,0.0,0.5,1.96,0.0,0.3,11.76
3,1,0.89,6.0,1.0,0.5,0.0,0.0,0.3,7.8
3,1,2.13,10.0,1.0,0.5,0.0,0.0,0.3,11.8
3,1,0.8,7.0,1.0,0.5,1.76,0.0,0.3,10.56
3,1,1.33,11.0,1.0,0.5,0.0,0.0,0.3,12.8
3,1,2.79,11.5,0.5,0.5,0.0,0.0,0.3,12.8
3,1,2.94,15.5,0.0,0.5,0.0,0.0,0.3,16.3
3,1,1.35,8.0,0.0,0.5,0.0,0.0,0.3,8.8
3,1,1.84,8.0,0.5,0.5,0.19,0.0,0.3,9.49
3,1,0.57,8.0,0.0,0.5,0.0,0.0,0.3,8.8
3,1,0.84,5.0,0.0,0.5,0.0,0.0,0.3,5.8
3,1,2.3,10.0,0.0,0.5,0.0,0.0,0.3,10.8
3,1,0.5,4.5,0.5,0.5,5.8,0.0,0.3,11.6
3,1,0.84,6.0,1.0,0.5,1.17,0.0,0.3,8.97
3,1,16.86,52.0,0.0,0.5,0.0,5.54,0.3,58.34
3,1,9.32,34.5,0.0,0.5,10.21,5.54,0.3,51.05
3,1,2.36,14.0,0.5,0.5,0.0,0.0,0.3,15.3
3,1,3.67,15.0,1.0,0.5,0.0,0.0,0.3,16.8
3,1,2.35,11.5,0.0,0.5,0.0,0.0,0.3,12.3
3,1,2.37,10.0,1.0,0.5,2.36,0.0,0.3,14.16
3,1,4.48,17.0,0.0,0.5,0.0,0.0,0.3,17.8
3,1,1.77,10.5,0.0,0.5,0.0,0.0,0.3,11.3
3,1,0.61,4.0,0.0,0.5,0.0,0.0,0.3,4.8
3,1,1.6,7.5,1.0,0.5,0.0,0.0,0.3,9.3
3,1,0.9,5.5,0.0,0.5,0.0,0.0,0.3,6.3
3,1,0.6,4.5,0.5,0.5,1.45,0.0,0.3,7.25
3,1,1.66,12.0,1.0,0.5,0.0,0.0,0.3,13.8
3,1,18.58,51.0,0.0,0.5,5.7,0.0,0.3,57.5
3,1,3.42,13.0,0.5,0.5,2.57,0.0,0.3,16.87
3,1,1.0,6.5,0.0,0.5,0.0,0.0,0.3,7.3
3,1,2.31,11.0,0.5,0.5,2.46,0.0,0.3,14.76
3,1,2.39,18.5,0.5,0.5,0.0,0.0,0.3,19.8
3,1,1.39,8.0,0.0,0.5,0.0,0.0,0.3,8.8
3,1,2.21,9.5,0.5,0.5,0.0,0.0,0.3,10.8
3,1,2.42,11.5,0.5,0.5,0.0,0.0,0.3,12.8
3,1,1.29,8.5,0.5,0.5,0.0,0.0,0.3,9.8
3,1,1.47,10.5,0.0,0.5,0.0,0.0,0.3,11.3
3,1,0.99,8.0,0.0,0.5,1.32,0.0,0.3,10.12
3,1,0.98,8.0,0.5,0.5,1.86,0.0,0.3,11.16
3,1,2.07,11.0,0.0,0.5,0.0,0.0,0.3,11.8
3,1,0.95,5.5,0.5,0.5,0.0,0.0,0.3,6.8
3,1,1.82,9.5,0.5,0.5,0.0,0.0,0.3,10.8
3,1,9.52,28.5,1.0,0.5,5.38,5.54,0.3,41.22
3,1,1.28,6.5,0.5,0.5,0.0,0.0,0.3,7.8
3,1,0.69,5.5,0.5,0.5,0.07,0.0,0.3,6.87
3,1,3.33,13.5,0.5,0.5,4.44,0.0,0.3,19.24
3,1,0.27,3.0,1.0,0.5,0.96,0.0,0.3,5.76
3,1,3.1,20.0,1.0,0.5,2.18,0.0,0.3,23.98
3,1,0.92,6.5,0.5,0.5,0.0,0.0,0.3,7.8
3,1,0.66,6.0,0.0,0.5,0.0,0.0,0.3,6.8
3,1,1.84,7.5,0.0,0.5,1.25,0.0,0.3,9.55
3,1,1.12,8.0,0.0,0.5,0.0,0.0,0.3,8.8
3,1,0.71,7.5,1.0,0.5,0.0,0.0,0.3,9.3
3,1,21.06,52.0,0.0,0.5,0.0,5.54,0.3,58.34
3,1,17.43,52.0,0.0,0.5,10.56,0.0,0.3,63.36
3,1,0.64,4.5,1.0,0.5,1.26,0.0,0.3,7.56
3,1,0.95,5.5,0.5,0.5,0.0,0.0,0.3,6.8
3,1,3.33,13.5,0.5,0.5,2.96,0.0,0.3,17.76
3,1,0.75,5.5,0.0,0.5,0.95,0.0,0.3,7.25
3,1,5.41,18.0,1.0,0.5,0.0,0.0,0.3,19.8
3,1,1.62,8.5,1.0,0.5,1.03,0.0,0.3,11.33
3,1,0.7,5.5,0.0,0.5,1.26,0.0,0.3,7.56
3,1,1.3,8.0,0.0,0.5,1.32,0.0,0.3,10.12
3,1,9.11,31.5,0.0,0.5,5.68,5.54,0.3,43.52
3,1,2.37,10.0,0.5,0.5,0.0,0.0,0.3,11.3
3,1,1.0,8.0,1.0,0.5,0.0,0.0,0.3,9.8
3,1,1.21,6.5,0.0,0.5,0.0,0.0,0.3,7.3
3,1,1.01,6.5,0.5,0.5,1.56,0.0,0.3,9.36
3,1,2.49,18.0,1.0,0.5,2.97,0.0,0.3,22.77
3,1,3.85,13.5,0.5,0.5,2.96,0.0,0.3,17.76
3,1,0.47,3.5,0.5,0.5,0.0,0.0,0.3,4.8
3,1,5.22,19.0,0.0,0.5,0.0,0.0,0.3,19.8
3,1,1.2,7.0,0.5,0.5,2.08,0.0,0.3,10.38
3,1,14.68,42.0,0.0,0.5,0.0,0.0,0.3,42.8
3,1,1.19,9.0,0.0,0.5,0.0,0.0,0.3,9.8
3,1,0.85,5.0,1.0,0.5,0.0,0.0,0.3,6.8
3,1,0.82,6.0,0.0,0.5,0.0,0.0,0.3,6.8
3,1,0.06,2.5,0.5,0.5,0.0,0.0,0.3,3.8
3,1,2.43,13.5,0.0,0.5,2.86,0.0,0.3,17.16
3,1,1.86,12.0,0.5,0.5,0.0,0.0,0.3,13.3
3,1,2.22,11.0,0.5,0.5,0.0,0.0,0.3,12.3
3,1,2.56,10.5,0.5,0.5,1.0,0.0,0.3,12.8
3,1,3.57,14.5,0.5,0.5,2.84,0.0,0.3,18.64
3,1,1.78,8.0,0.0,0.5,1.76,0.0,0.3,10.56
3,3,17.21,52.0,0.0,0.5,0.0,5.54,0.3,58.34
3,1,0.91,5.5,0.0,0.5,0.0,0.0,0.3,6.3
3,1,4.61,18.0,0.5,0.5,2.0,0.0,0.3,21.3
3,1,0.0,2.5,0.0,0.5,0.0,0.0,0.3,3.3
3,1,1.78,7.0,0.5,0.5,0.0,0.0,0.3,8.3
3,1,1.73,7.5,0.5,0.5,1.76,0.0,0.3,10.56
3,1,4.51,16.0,0.5,0.5,0.0,0.0,0.3,17.3
3,1,11.73,39.0,0.0,0.5,0.0,0.0,0.3,39.8
3,1,1.39,10.0,0.0,0.5,1.08,0.0,0.3,11.88
3,1,0.63,4.5,1.0,0.5,0.0,0.0,0.3,6.3
3,1,1.29,9.5,0.0,0.5,0.0,0.0,0.3,10.3
3,1,1.02,5.5,0.5,0.5,0.0,0.0,0.3,6.8
3,1,0.7,7.5,0.0,0.5,0.0,0.0,0.3,8.3
3,1,5.24,21.5,0.5,0.5,2.28,0.0,0.3,25.08
3,1,6.73,29.5,0.5,0.5,0.0,0.0,0.3,30.8
3,1,11.56,36.5,0.0,0.5,0.0,0.0,0.3,37.3
3,1,1.19,7.0,1.0,0.5,0.0,0.0,0.3,8.8
3,1,4.52,16.5,0.0,0.5,0.0,0.0,0.3,17.3
3,1,5.95,21.5,0.0,0.5,1.12,0.0,0.3,23.42
3,1,2.15,13.5,0.0,0.5,0.0,0.0,0.3,14.3
3,1,9.22,36.5,0.5,0.5,10.84,5.54,0.3,54.18
3,1,15.43,52.0,0.0,0.5,11.67,5.54,0.3,70.01
3,1,0.0,2.5,0.0,0.5,0.0,0.0,0.3,3.3
3,1,1.47,14.0,1.0,0.5,0.0,0.0,0.3,15.8
3,1,1.18,8.5,0.5,0.5,1.47,0.0,0.3,11.27
3,1,2.39,11.5,0.0,0.5,1.0,0.0,0.3,13.3
3,1,0.5,6.5,0.0,0.5,1.46,0.0,0.3,8.76
3,1,1.3,6.5,0.0,0.5,0.0,0.0,0.3,7.3
3,1,1.46,7.5,1.0,0.5,1.86,0.0,0.3,11.16
3,1,1.52,11.0,0.0,0.5,2.36,0.0,0.3,14.16
3,1,3.35,14.0,0.5,0.5,0.0,0.0,0.3,15.3
3,1,1.68,8.0,1.0,0.5,0.0,0.0,0.3,9.8
3,1,1.69,7.5,0.0,0.5,0.0,0.0,0.3,8.3
3,1,0.76,5.5,0.5,0.5,1.36,0.0,0.3,8.16
3,1,4.71,17.5,0.5,0.5,3.76,0.0,0.3,22.56
3,1,1.29,9.5,1.0,0.5,1.7,0.0,0.3,13.0
3,1,1.58,8.0,1.0,0.5,0.0,0.0,0.3,9.8
3,1,4.35,16.5,0.5,0.5,0.0,0.0,0.3,17.8
3,1,0.42,4.0,0.5,0.5,1.06,0.0,0.3,6.36
3,1,4.63,22.0,0.0,0.5,0.0,0.0,0.3,22.8
3,1,9.34,32.0,0.0,0.5,0.0,5.54,0.3,38.34
3,1,2.01,9.0,0.0,0.5,0.0,0.0,0.3,9.8
3,1,0.66,4.5,1.0,0.5,0.0,0.0,0.3,6.3
3,1,1.34,9.5,1.0,0.5,0.0,0.0,0.3,11.3
3,1,1.93,8.5,0.5,0.5,1.96,0.0,0.3,11.76
3,1,2.33,9.5,0.0,0.5,0.0,0.0,0.3,10.3
3,1,1.35,7.0,0.5,0.5,1.66,0.0,0.3,9.96
3,1,0.81,5.0,0.5,0.5,0.13,0.0,0.3,6.43
3,1,2.23,11.5,1.0,0.5,2.66,0.0,0.3,15.96
3,1,1.44,7.0,0.0,0.5,0.78,0.0,0.3,8.58
3,1,3.56,14.0,0.5,0.5,1.53,0.0,0.3,16.83
3,1,2.14,10.5,0.5,0.5,0.12,0.0,0.3,11.92
3,1,3.17,14.0,1.0,0.5,1.58,0.0,0.3,17.38
3,1,0.7,4.5,0.5,0.5,0.81,0.0,0.3,6.61
3,1,7.69,25.5,0.5,0.5,4.85,5.54,0.3,37.19
3,1,0.32,4.0,1.0,0.0,0.0,0.0,0.0,5.8
3,1,2.65,12.0,1.0,0.5,2.76,0.0,0.3,16.56
3,1,29.96,79.5,17.5,0.5,0.0,32.08,0.6,130.18
3,1,0.82,7.5,1.0,0.5,0.0,0.0,0.3,9.3
3,1,10.02,29.5,1.0,0.5,6.26,0.0,0.3,37.56
3,1,2.17,11.0,0.0,0.5,0.0,0.0,0.3,11.8
3,1,6.27,19.5,0.0,0.5,0.0,0.0,0.3,20.3
3,1,0.8,5.0,0.0,0.5,0.87,0.0,0.3,6.67
3,1,0.88,6.0,1.0,0.5,0.0,0.0,0.3,7.8
3,1,3.55,13.0,0.0,0.5,0.0,0.0,0.3,13.8
3,1,1.5,7.0,0.5,0.5,0.0,0.0,0.3,8.3
3,1,2.78,12.0,0.0,0.5,1.28,0.0,0.3,14.08
3,1,0.41,3.5,0.0,0.5,0.0,0.0,0.3,4.3
3,1,3.31,15.0,1.0,0.5,3.36,0.0,0.3,20.16
3,1,2.28,9.0,0.5,0.5,2.58,0.0,0.3,12.88
3,1,0.63,4.5,0.0,0.5,0.0,0.0,0.3,5.3
3,1,2.64,13.5,0.5,0.5,0.0,0.0,0.3,14.8
3,1,1.41,9.0,1.0,0.5,1.08,0.0,0.3,11.88
3,1,14.82,45.5,0.5,0.5,10.47,5.54,0.3,62.81
3,1,5.3,19.0,0.0,0.5,1.98,0.0,0.3,21.78
3,1,6.21,20.0,0.5,0.5,0.0,0.0,0.3,21.3
3,1,2.81,12.0,0.5,0.5,0.0,0.0,0.3,13.3
3,1,0.58,4.5,1.0,0.5,1.26,0.0,0.3,7.56
3,1,1.58,8.0,0.5,0.5,0.0,0.0,0.3,9.3
3,1,1.96,9.5,0.5,0.5,2.0,0.0,0.3,12.8
3,1,1.85,7.5,0.5,0.5,0.44,0.0,0.3,9.24
3,1,5.72,26.0,0.5,0.5,2.73,0.0,0.3,30.03
3,1,7.15,22.5,0.5,0.5,0.0,5.54,0.3,29.34
3,1,1.19,7.5,0.0,0.5,0.0,0.0,0.3,8.3
3,1,8.4,23.5,0.5,0.5,4.25,5.54,0.3,34.59
3,1,0.68,7.5,0.0,0.5,0.83,0.0,0.3,9.13
3,1,0.98,7.0,0.0,0.5,0.0,0.0,0.3,7.8
3,1,1.77,8.5,1.0,0.5,0.0,0.0,0.3,10.3
3,1,0.79,4.5,0.5,0.5,0.0,0.0,0.3,5.8
3,1,1.86,8.5,1.0,0.5,1.03,0.0,0.3,11.33
3,1,1.62,8.5,0.0,0.5,1.67,0.0,0.3,10.97
3,1,2.55,9.5,0.0,0.5,1.03,0.0,0.3,11.33
3,1,1.62,8.5,0.0,0.5,0.0,0.0,0.3,9.3
3,1,0.49,4.5,0.0,0.5,0.0,0.0,0.3,5.3
3,1,17.56,58.0,0.5,0.5,0.0,0.0,0.3,59.3
3,1,0.97,7.5,0.0,0.5,1.66,0.0,0.3,9.96
3,1,2.09,12.0,0.0,0.5,0.26,0.0,0.3,13.06
3,1,1.94,10.5,1.0,0.5,0.0,0.0,0.3,12.3
3,1,0.0,52.0,0.0,0.5,10.56,0.0,0.3,63.36
3,1,1.13,7.0,0.0,0.5,1.17,0.0,0.3,8.97
3,1,1.79,8.5,0.5,0.5,1.96,0.0,0.3,11.76
3,1,1.97,10.0,0.0,0.5,0.0,0.0,0.3,10.8
3,1,2.13,10.0,0.5,0.5,2.26,0.0,0.3,13.56
3,1,0.34,3.5,0.0,0.5,0.0,0.0,0.3,4.3
3,1,10.02,30.5,0.0,0.5,0.0,0.0,0.3,31.3
3,1,0.69,7.0,0.0,0.5,0.0,0.0,0.3,7.8
3,1,1.12,8.5,0.0,0.5,0.0,0.0,0.3,9.3
3,1,2.0,9.5,0.0,0.5,1.03,0.0,0.3,11.33
3,1,0.54,5.5,1.0,0.5,0.0,0.0,0.3,7.3
3,1,17.55,52.0,0.0,0.5,0.0,5.54,0.3,58.34
3,1,8.22,35.5,0.0,0.5,0.0,5.54,0.3,41.84
3,1,1.4,9.5,0.0,0.5,0.0,0.0,0.3,10.3
3,1,0.82,5.0,0.0,0.5,0.0,0.0,0.3,5.8
3,1,1.36,8.0,0.5,0.5,1.86,0.0,0.3,11.16
3,1,16.89,52.0,0.0,0.5,0.0,5.54,0.3,58.34
3,1,1.33,7.0,0.5,0.5,0.83,0.0,0.3,9.13
3,1,3.5,15.5,0.5,0.5,0.0,0.0,0.3,16.8
3,1,1.53,7.5,0.0,0.5,0.0,0.0,0.3,8.3
3,1,2.07,10.0,0.0,0.5,0.0,0.0,0.3,10.8
3,1,0.82,5.5,0.0,0.5,0.0,0.0,0.3,6.3
3,1,0.67,5.5,0.0,0.5,1.26,0.0,0.3,7.56
3,1,1.78,9.0,0.0,0.5,0.0,0.0,0.3,9.8
3,1,14.09,38.5,0.5,0.5,0.0,0.0,0.3,39.8
3,1,1.7,9.5,0.5,0.5,0.0,0.0,0.3,10.8
3,1,1.55,10.5,1.0,0.5,0.0,0.0,0.3,12.3
3,1,2.06,8.0,0.5,0.5,0.0,0.0,0.3,9.3
3,1,4.89,20.0,0.0,0.5,0.0,0.0,0.3,20.8
3,1,0.73,7.5,0.0,0.5,0.0,0.0,0.3,8.3
3,1,0.31,4.5,0.0,0.5,0.0,0.0,0.3,5.3
3,1,1.09,7.0,0.0,0.5,0.0,0.0,0.3,7.8
3,1,0.77,4.5,0.5,0.5,0.0,0.0,0.3,5.8
3,1,1.85,9.5,0.5,0.5,1.08,0.0,0.3,11.88
3,1,1.74,17.0,0.0,0.5,4.45,0.0,0.3,22.25
3,1,2.19,16.5,0.0,0.5,0.0,0.0,0.3,17.3
3,1,0.52,4.5,0.0,0.5,0.0,0.0,0.3,5.3
3,1,2.46,14.0,0.5,0.5,0.0,0.0,0.3,15.3
3,1,2.34,10.0,0.0,0.5,0.0,0.0,0.3,10.8
3,1,0.69,5.5,0.0,0.5,1.26,0.0,0.3,7.56
3,1,17.39,52.0,0.0,0.5,0.0,5.54,0.3,58.34
3,1,0.66,4.5,0.5,0.5,0.0,0.0,0.3,5.8
3,1,0.92,6.0,0.0,0.5,1.02,0.0,0.3,7.82
3,1,0.76,5.5,0.0,0.5,1.13,0.0,0.3,7.43
3,1,19.8,52.0,0.0,0.5,11.67,5.54,0.3,70.01
3,1,0.94,6.5,0.5,0.5,1.95,0.0,0.3,9.75
3,1,6.83,22.5,1.0,0.5,0.0,0.0,0.3,24.3
3,1,0.69,5.0,1.0,0.5,1.7,0.0,0.3,8.5
3,1,6.71,23.5,1.0,0.5,0.0,0.0,0.3,25.3
3,1,2.15,11.0,0.5,0.5,0.0,0.0,0.3,12.3
3,1,7.8,35.5,0.5,0.5,0.0,0.0,0.3,36.8
3,1,1.35,9.0,0.0,0.5,0.0,0.0,0.3,9.8
3,1,2.24,8.5,0.5,0.5,0.0,0.0,0.3,9.8
3,1,0.8,5.0,0.0,0.5,0.0,0.0,0.3,5.8
3,1,5.17,20.5,0.5,0.5,0.0,0.0,0.3,21.8
3,1,4.89,17.5,0.0,0.5,2.75,0.0,0.3,21.05
3,1,0.66,5.0,0.0,0.5,0.0,0.0,0.3,5.8
3,1,2.75,12.0,1.0,0.5,0.0,0.0,0.3,13.8
3,1,0.86,5.5,0.5,0.5,0.07,0.0,0.3,6.87
3,1,2.08,14.5,1.0,0.5,4.89,0.0,0.3,21.19
3,1,3.28,16.5,0.0,0.5,3.46,0.0,0.3,20.76
3,1,1.38,9.0,0.0,0.5,1.47,0.0,0.3,11.27
3,1,3.53,13.5,0.5,0.5,0.3,0.0,0.3,15.1
3,1,1.06,10.5,0.0,0.5,2.83,0.0,0.3,14.13
3,1,2.69,15.0,0.0,0.5,1.58,0.0,0.3,17.38
3,1,0.83,5.5,1.0,0.5,0.0,0.0,0.3,7.3
3,1,2.26,12.5,0.0,0.5,0.0,0.0,0.3,13.3
3,1,3.23,13.5,0.5,0.5,0.0,0.0,0.3,14.8
3,1,1.72,8.5,0.5,0.5,0.0,0.0,0.3,9.8
3,1,11.66,35.0,0.5,0.5,3.63,0.0,0.3,39.93
3,1,8.67,33.0,0.0,0.5,0.0,0.0,0.3,33.8
3,1,0.99,6.0,0.5,0.5,1.83,0.0,0.3,9.13
3,1,1.42,7.0,0.0,0.5,0.0,0.0,0.3,7.8
3,1,2.49,10.0,0.5,0.5,1.13,0.0,0.3,12.43
3,1,4.18,21.5,0.0,0.5,0.0,0.0,0.3,22.3
3,1,1.15,6.5,0.0,0.5,0.88,0.0,0.3,8.18
3,1,4.08,19.5,1.0,0.5,0.0,0.0,0.3,21.3
3,1,8.86,29.5,0.0,0.5,4.55,0.0,0.3,34.85
3,1,4.09,24.0,0.0,0.5,0.0,5.54,0.3,30.34
3,1,1.07,7.0,0.0,0.5,1.56,0.0,0.3,9.36
3,1,1.96,8.0,0.5,0.5,27.9,0.0,0.3,37.2
3,1,6.35,28.5,0.0,0.5,6.97,5.54,0.3,41.81
3,1,6.1,21.5,0.5,0.5,4.56,0.0,0.3,27.36
3,1,0.77,5.0,0.5,0.5,1.26,0.0,0.3,7.56
3,1,10.32,30.5,0.5,0.5,3.18,0.0,0.3,34.98
3,1,5.91,21.5,0.5,0.5,0.0,0.0,0.3,22.8
3,1,1.3,7.5,0.5,0.5,0.88,0.0,0.3,9.68
3,1,2.17,11.5,0.5,0.5,0.0,0.0,0.3,12.8
3,1,3.4,21.0,0.0,0.5,3.27,0.0,0.3,25.07
3,1,0.89,6.0,0.0,0.5,0.0,0.0,0.3,6.8
3,1,0.87,6.0,1.0,0.5,1.56,0.0,0.3,9.36
3,1,0.78,5.5,0.5,0.5,1.36,0.0,0.3,8.16
3,1,2.88,20.0,0.0,0.5,4.16,0.0,0.3,24.96
3,1,1.94,10.5,0.0,0.5,0.57,0.0,0.3,11.87
3,1,0.0,2.5,1.0,0.5,0.0,0.0,0.3,4.3
3,1,2.87,13.5,0.0,0.5,0.0,0.0,0.3,14.3
3,1,1.48,8.0,0.5,0.5,0.0,0.0,0.3,9.3
3,1,0.64,4.5,0.0,0.5,0.0,0.0,0.3,5.3
3,1,1.62,10.0,0.5,0.5,2.26,0.0,0.3,13.56
3,1,3.2,14.5,0.5,0.5,3.16,0.0,0.3,18.96
3,1,2.5,11.5,0.5,0.5,0.0,0.0,0.3,12.8
3,1,1.81,9.5,0.0,0.5,0.0,0.0,0.3,10.3
3,1,13.48,39.0,0.5,0.5,4.03,0.0,0.3,44.33
3,1,4.32,15.0,0.0,0.5,0.0,0.0,0.3,15.8
3,1,4.07,18.0,0.5,0.5,0.0,0.0,0.3,19.3
3,1,2.25,10.0,0.0,0.5,2.16,0.0,0.3,12.96
3,1,3.12,15.5,0.5,0.5,3.36,0.0,0.3,20.16
3,1,4.73,15.0,0.5,0.5,0.0,0.0,0.3,16.3
3,1,0.59,4.5,0.0,0.5,1.06,0.0,0.3,6.36
3,1,0.6,5.0,0.0,0.5,0.0,0.0,0.3,5.8
3,1,10.01,30.5,0.0,0.5,5.53,5.54,0.3,42.37
3,1,2.53,9.5,0.5,0.5,2.16,0.0,0.3,12.96
3,1,1.05,7.0,0.0,0.5,1.56,0.0,0.3,9.36
3,1,0.76,5.5,0.0,0.5,0.0,0.0,0.3,6.3
3,1,0.82,4.5,0.5,0.5,0.0,0.0,0.3,5.8
3,1,1.18,9.5,0.0,0.5,0.0,0.0,0.3,10.3
3,1,6.17,19.5,0.5,0.5,0.42,0.0,0.3,21.22
3,1,4.74,23.5,0.5,0.5,0.0,0.0,0.3,24.8
3,1,1.16,5.5,0.0,0.5,0.0,0.0,0.3,6.3
3,1,11.55,35.5,0.5,0.5,10.59,5.54,0.3,52.92
3,1,0.08,3.5,0.0,0.5,0.0,0.0,0.3,4.3
3,1,2.02,10.0,0.0,0.5,2.16,0.0,0.3,12.96
3,1,1.11,10.0,0.0,0.5,0.0,0.0,0.3,10.8
3,1,0.69,6.5,0.0,0.5,0.0,0.0,0.3,7.3
3,1,0.31,3.5,1.0,0.5,0.0,0.0,0.3,5.3
3,1,9.12,27.0,0.5,0.5,0.0,0.0,0.3,28.3
3,1,2.11,9.5,0.5,0.5,2.16,0.0,0.3,12.96
3,1,1.3,8.0,0.5,0.5,0.0,0.0,0.3,9.3
3,1,1.96,10.5,0.5,0.5,2.36,0.0,0.3,14.16
3,1,0.79,8.0,1.0,0.5,1.76,0.0,0.3,11.56
3,1,1.66,16.0,1.0,0.5,5.34,0.0,0.3,23.14
3,1,0.97,5.5,0.0,0.5,0.0,0.0,0.3,6.3
3,1,10.51,32.0,0.5,0.5,5.99,0.0,0.3,39.29
3,1,1.22,7.0,0.0,0.5,1.56,0.0,0.3,9.36
3,1,0.66,5.5,0.0,0.5,0.95,0.0,0.3,7.25
3,1,0.37,4.0,0.0,0.5,0.0,0.0,0.3,4.8
3,1,1.23,11.0,1.0,0.5,3.84,0.0,0.3,16.64
3,1,0.6,6.0,0.0,0.5,0.0,0.0,0.3,6.8
3,1,1.13,6.0,0.0,0.5,0.0,0.0,0.3,6.8
3,1,5.55,18.5,0.0,0.5,0.0,0.0,0.3,19.3
3,1,0.88,5.5,0.0,0.5,0.0,0.0,0.3,6.3
3,1,1.09,7.5,0.0,0.5,1.66,0.0,0.3,9.96
3,1,12.05,45.5,0.0,0.5,0.0,0.0,0.3,46.3
3,1,3.34,11.5,0.5,0.5,0.0,0.0,0.3,12.8
3,1,0.68,4.5,0.0,0.5,0.0,0.0,0.3,5.3
3,1,0.51,4.0,1.0,0.5,1.16,0.0,0.3,6.96
3,1,1.79,7.5,0.0,0.5,1.0,0.0,0.3,9.3
3,1,1.63,10.0,1.0,0.5,2.36,0.0,0.3,14.16
3,1,1.51,7.5,0.5,0.5,1.76,0.0,0.3,10.56
3,1,1.44,8.5,0.0,0.5,1.86,0.0,0.3,11.16
3,1,1.39,9.0,0.0,0.5,0.29,0.0,0.3,10.09
3,1,1.03,5.5,0.5,0.5,0.0,0.0,0.3,6.8
3,1,1.75,8.0,0.5,0.5,0.0,0.0,0.3,9.3
3,1,0.88,9.0,0.0,0.5,0.0,0.0,0.3,9.8
3,1,1.01,5.0,0.0,0.5,0.87,0.0,0.3,6.67
3,1,2.88,14.0,0.5,0.5,2.75,0.0,0.3,18.05
3,1,12.77,39.5,1.0,0.5,9.37,5.54,0.3,56.21
3,1,2.22,9.0,0.5,0.5,1.0,0.0,0.3,11.3
3,1,1.02,5.5,0.5,0.5,0.0,0.0,0.3,6.8
3,1,2.43,12.0,0.0,0.5,0.0,0.0,0.3,12.8
3,1,3.86,13.0,0.0,0.5,0.0,0.0,0.3,13.8
3,1,1.53,9.5,0.0,0.5,1.85,0.0,0.3,12.15
3,1,2.19,11.5,0.5,0.5,0.0,0.0,0.3,12.8
3,1,0.9,6.5,0.5,0.5,1.4,0.0,0.3,9.2
3,1,1.2,6.0,0.0,0.5,0.0,0.0,0.3,6.8
3,1,1.04,8.0,0.0,0.5,1.32,0.0,0.3,10.12
3,1,1.64,13.0,0.0,0.5,0.0,0.0,0.3,13.8
3,1,10.76,44.0,0.0,0.5,0.0,5.54,0.3,50.34
3,1,1.37,9.0,0.0,0.5,1.96,0.0,0.3,11.76
3,1,3.27,12.5,0.5,0.5,0.0,0.0,0.3,13.8
3,1,1.21,6.5,0.5,0.5,0.0,0.0,0.3,7.8
3,1,2.15,10.5,0.0,0.5,0.0,0.0,0.3,11.3
3,1,0.0,10.0,0.0,0.5,0.0,0.0,0.3,10.8
3,1,0.54,4.5,0.5,0.5,0.0,0.0,0.3,5.8
3,1,0.41,5.0,1.0,0.5,1.02,0.0,0.3,7.82
3,1,0.74,5.0,0.5,0.5,1.26,0.0,0.3,7.56
3,1,1.6,12.5,0.0,0.5,0.0,0.0,0.3,13.3
3,1,0.74,6.5,0.0,0.5,0.0,0.0,0.3,7.3
3,1,0.0,2.5,1.0,0.5,0.0,0.0,0.3,4.3
3,1,3.46,13.5,0.5,0.5,0.0,0.0,0.3,14.8
3,1,0.63,5.5,1.0,0.5,0.73,0.0,0.3,8.03
3,1,0.68,4.5,0.0,0.5,0.0,0.0,0.3,5.3
3,1,2.39,10.5,1.0,0.5,1.85,0.0,0.3,14.15
3,1,19.65,52.0,0.0,0.5,0.0,5.54,0.3,58.34
3,1,0.72,6.0,1.0,0.5,0.0,0.0,0.3,7.8
3,1,3.84,17.5,0.5,0.5,0.0,0.0,0.3,18.8
3,1,1.01,6.0,0.0,0.5,1.36,0.0,0.3,8.16
3,1,4.84,17.5,0.5,0.5,0.0,0.0,0.3,18.8
3,1,1.81,14.0,0.0,0.5,0.0,0.0,0.3,14.8
3,1,10.92,30.0,0.5,0.5,6.26,0.0,0.3,37.56
3,1,1.34,7.5,0.0,0.5,0.0,0.0,0.3,8.3
3,1,4.45,17.5,1.0,0.5,0.0,0.0,0.3,19.3
3,1,4.21,13.5,0.5,0.5,0.0,0.0,0.3,14.8
3,1,4.84,19.0,0.5,0.5,6.09,0.0,0.3,26.39
3,1,4.12,17.5,0.0,0.5,0.0,0.0,0.3,18.3
3,1,1.89,8.5,1.0,0.5,1.55,0.0,0.3,11.85
3,1,2.53,12.0,0.5,0.5,2.0,0.0,0.3,15.3
3,1,2.74,12.0,0.0,0.5,0.0,0.0,0.3,12.8
3,1,2.06,9.0,0.0,0.5,0.0,0.0,0.3,9.8
3,1,0.72,5.0,0.0,0.5,0.0,0.0,0.3,5.8
3,1,0.36,3.5,1.0,0.5,0.11,0.0,0.3,5.41
3,1,1.46,13.0,1.0,0.5,2.22,0.0,0.3,17.02
3,1,2.38,13.0,0.0,0.5,2.76,0.0,0.3,16.56
3,1,3.0,11.5,0.5,0.5,0.0,0.0,0.3,12.8
3,1,1.63,13.5,0.0,0.5,2.15,0.0,0.3,16.45
3,1,1.84,10.0,0.5,0.5,2.26,0.0,0.3,13.56
3,1,3.26,14.5,0.5,0.5,0.0,0.0,0.3,15.8
3,1,0.41,3.5,0.5,0.5,1.44,0.0,0.3,6.24
3,1,2.1,13.0,0.0,0.5,3.45,0.0,0.3,17.25
3,1,1.19,10.5,0.0,0.5,1.7,0.0,0.3,13.0
3,1,0.57,4.5,1.0,0.5,0.0,0.0,0.3,6.3
3,1,1.04,6.0,0.0,0.5,0.0,0.0,0.3,6.8
3,1,5.35,20.5,0.5,0.5,0.0,0.0,0.3,21.8
3,1,4.65,16.5,0.5,0.5,0.0,0.0,0.3,17.8
3,1,0.51,4.5,0.0,0.5,0.53,0.0,0.3,5.83
3,1,1.71,8.5,0.0,0.5,0.0,0.0,0.3,9.3
3,1,2.44,17.0,0.0,0.5,0.0,0.0,0.3,17.8
3,1,2.41,12.0,0.5,0.5,0.0,0.0,0.3,13.3
3,1,0.94,8.0,0.5,0.5,1.86,0.0,0.3,11.16
3,1,0.6,4.0,0.0,0.5,0.96,0.0,0.3,5.76
3,1,0.0,2.5,0.0,0.5,0.0,0.0,0.3,3.3
3,1,1.93,8.5,0.0,0.5,1.86,0.0,0.3,11.16
3,1,1.47,6.0,0.5,0.5,1.1,0.0,0.3,8.4
3,1,1.52,11.0,0.0,0.5,2.95,0.0,0.3,14.75
3,1,0.7,6.5,0.5,0.5,0.0,0.0,0.3,7.8
3,1,1.76,12.0,0.0,0.5,2.56,0.0,0.3,15.36
3,1,1.93,9.0,0.5,0.5,2.06,0.0,0.3,12.36
3,1,2.13,9.5,0.0,0.5,1.03,0.0,0.3,11.33
3,1,2.68,16.5,1.0,0.5,0.0,0.0,0.3,18.3
3,1,1.23,7.0,0.0,0.5,0.0,0.0,0.3,7.8
3,1,2.88,13.0,0.5,0.5,3.58,0.0,0.3,17.88
3,1,3.97,17.0,0.5,0.5,4.03,0.0,0.3,22.33
3,1,1.05,6.0,0.5,0.5,1.7,0.0,0.3,9.0
3,1,3.22,16.0,0.5,0.5,3.46,0.0,0.3,20.76
3,1,4.85,16.5,0.5,0.5,0.0,0.0,0.3,17.8
3,1,1.5,7.5,0.5,0.5,1.76,0.0,0.3,10.56
3,1,3.05,12.0,0.0,0.5,2.56,0.0,0.3,15.36
3,1,1.36,8.5,1.0,0.5,0.0,0.0,0.3,10.3
3,1,2.41,15.0,0.0,0.5,3.16,0.0,0.3,18.96
3,1,1.04,6.0,0.0,0.5,0.0,0.0,0.3,6.8
3,1,2.13,8.0,0.5,0.5,0.19,0.0,0.3,9.49
3,1,3.97,15.5,0.5,0.5,1.68,0.0,0.3,18.48
3,1,8.02,28.5,0.5,0.5,0.0,0.0,0.3,29.8
3,1,0.21,2.5,0.5,0.5,0.0,0.0,0.3,3.8
3,1,2.85,12.0,0.5,0.5,2.66,0.0,0.3,15.96
3,1,1.21,7.5,0.5,0.5,0.0,0.0,0.3,8.8
3,1,1.04,6.0,0.0,0.5,0.0,0.0,0.3,6.8
3,1,3.38,14.5,0.5,0.5,2.37,0.0,0.3,18.17
3,1,2.26,13.0,0.0,0.5,2.76,0.0,0.3,16.56
3,1,9.33,29.0,0.5,0.5,0.0,0.0,0.3,30.3
3,1,1.99,11.0,0.5,0.5,0.0,0.0,0.3,12.3
3,1,0.65,10.0,0.0,0.5,2.16,0.0,0.3,12.96
3,1,0.95,5.5,0.5,0.5,1.0,0.0,0.3,7.8
3,1,0.6,5.5,0.0,0.5,0.63,0.0,0.3,6.93
3,1,0.58,4.5,1.0,0.5,0.0,0.0,0.3,6.3
3,1,0.95,7.0,0.0,0.5,0.0,0.0,0.3,7.8
3,1,4.93,22.0,0.5,0.5,4.66,0.0,0.3,27.96
3,1,0.7,7.0,0.5,0.5,1.66,0.0,0.3,9.96
3,1,0.99,6.0,0.0,0.5,0.0,0.0,0.3,6.8
3,1,0.44,4.0,1.0,0.5,0.0,0.0,0.3,5.8
3,1,1.3,9.0,1.0,0.5,0.0,0.0,0.3,10.8
3,1,19.25,51.0,0.5,0.5,0.0,0.0,0.3,52.3
3,1,1.68,8.0,0.0,0.5,0.0,0.0,0.3,8.8
3,1,11.89,33.5,0.5,0.5,0.0,0.0,0.3,34.8
3,1,2.35,9.5,0.5,0.5,0.0,0.0,0.3,10.8
3,1,2.56,16.5,0.0,0.5,3.46,0.0,0.3,20.76
3,1,3.35,16.5,1.0,0.5,3.66,0.0,0.3,21.96
3,1,0.62,5.0,0.5,0.5,0.0,0.0,0.3,6.3
3,1,0.23,2.5,0.0,0.5,3.96,0.0,0.3,7.26
3,1,2.16,9.5,0.5,0.5,1.08,0.0,0.3,11.88
3,1,1.91,8.0,0.0,0.5,0.0,0.0,0.3,8.8
3,1,1.42,8.0,0.5,0.5,0.0,0.0,0.3,9.3
3,1,5.47,20.5,0.5,0.5,2.18,0.0,0.3,23.98
3,1,1.29,7.0,0.0,0.5,0.0,0.0,0.3,7.8
3,1,3.68,20.0,0.0,0.5,0.0,0.0,0.3,20.8
3,1,0.62,7.5,0.0,0.5,1.66,0.0,0.3,9.96
3,1,3.09,12.0,0.5,0.5,0.0,0.0,0.3,13.3
3,1,0.76,5.5,0.5,0.5,1.36,0.0,0.3,8.16
3,1,0.88,6.0,0.0,0.5,1.02,0.0,0.3,7.82
3,1,1.56,9.5,0.5,0.5,0.0,0.0,0.3,10.8
3,1,4.52,24.0,0.0,0.5,0.0,0.0,0.3,24.8
3,1,2.49,11.5,0.5,0.5,1.92,0.0,0.3,14.72
3,1,1.96,12.0,0.0,0.5,0.0,0.0,0.3,12.8
3,1,1.33,8.0,0.0,0.5,0.7,0.0,0.3,9.5
3,1,6.21,19.5,0.5,0.5,3.12,0.0,0.3,23.92
3,1,1.27,7.5,0.5,0.5,0.0,0.0,0.3,8.8
3,1,2.72,10.5,0.5,0.5,2.36,0.0,0.3,14.16
3,1,1.42,7.5,0.0,0.5,0.0,0.0,0.3,8.3
3,1,1.87,9.5,0.5,0.5,1.62,0.0,0.3,12.42
3,1,1.73,11.0,1.0,0.5,1.02,0.0,0.3,13.82
3,1,0.84,6.0,0.5,0.5,0.0,0.0,0.3,7.3
3,1,18.53,52.0,0.0,0.5,8.75,5.54,0.3,67.09
3,1,0.2,3.0,1.0,0.5,0.05,0.0,0.3,4.85
3,1,5.0,19.0,1.0,0.5,0.0,0.0,0.3,20.8
3,1,1.58,8.0,0.0,0.5,0.0,0.0,0.3,8.8
3,1,1.38,8.0,0.5,0.5,0.0,0.0,0.3,9.3
3,1,3.81,15.5,0.0,0.5,0.0,0.0,0.3,16.3
3,1,1.33,7.0,1.0,0.5,0.0,0.0,0.3,8.8
3,1,2.81,13.0,1.0,0.5,1.48,0.0,0.3,16.28
3,1,1.61,8.0,0.0,0.5,0.0,0.0,0.3,8.8
3,1,1.46,7.0,1.0,0.5,1.76,0.0,0.3,10.56
3,1,0.86,6.0,0.0,0.5,0.0,0.0,0.3,6.8
3,1,2.49,13.5,0.0,0.5,0.0,0.0,0.3,14.3
3,1,0.32,4.0,0.0,0.5,0.0,0.0,0.3,4.8
3,1,3.32,19.5,1.0,0.5,0.0,0.0,0.3,21.3
3,1,3.62,21.0,1.0,0.5,3.42,0.0,0.3,26.22
3,1,2.26,10.0,0.5,0.5,1.36,0.0,0.3,12.66
3,1,2.23,11.0,0.5,0.5,0.0,0.0,0.3,12.3
3,1,0.47,4.5,0.0,0.5,0.0,0.0,0.3,5.3
3,1,1.01,7.0,1.0,0.5,0.0,0.0,0.3,8.8
3,1,41.62,180.0,0.0,0.5,27.95,5.54,0.3,214.29
3,1,1.21,8.0,0.5,0.5,0.0,0.0,0.3,9.3
3,1,0.87,5.5,0.5,0.5,1.36,0.0,0.3,8.16
3,1,0.64,5.0,0.5,0.5,0.0,0.0,0.3,6.3
3,1,9.37,34.0,1.0,0.5,5.37,0.0,0.3,41.17
3,1,1.02,6.0,0.0,0.5,0.68,0.0,0.3,7.48
3,1,1.89,9.0,0.5,0.5,3.09,0.0,0.3,13.39
3,1,0.65,5.0,0.0,0.5,0.0,0.0,0.3,5.8
3,1,1.87,9.5,0.5,0.5,0.0,0.0,0.3,10.8
3,1,1.31,9.5,0.0,0.5,0.0,0.0,0.3,10.3
3,1,1.26,6.0,0.5,0.5,0.0,0.0,0.3,7.3
3,1,0.23,2.5,0.5,0.5,0.0,0.0,0.3,3.8
3,1,1.7,8.5,0.5,0.5,1.96,0.0,0.3,11.76
3,1,0.38,4.0,1.0,0.5,0.0,0.0,0.3,5.8
3,1,0.99,6.5,0.0,0.5,0.0,0.0,0.3,7.3
3,1,0.64,5.0,0.5,0.5,0.0,0.0,0.3,6.3
3,1,0.7,4.5,0.5,0.5,0.0,0.0,0.3,5.8
3,1,16.79,52.0,0.0,0.5,0.0,5.54,0.3,58.34
3,1,1.12,10.0,0.0,0.5,0.0,0.0,0.3,10.8
3,1,0.57,4.5,0.0,0.5,0.8,0.0,0.3,6.1
3,1,2.84,18.5,1.0,0.5,0.0,0.0,0.3,20.3
3,1,2.15,10.0,0.5,0.5,0.0,0.0,0.3,11.3
3,1,2.74,10.5,0.0,0.5,0.0,0.0,0.3,11.3
3,1,1.84,8.5,0.5,0.5,0.0,0.0,0.3,9.8
3,1,3.36,14.5,0.5,0.5,3.16,0.0,0.3,18.96
3,1,7.57,29.5,0.0,0.5,0.6,0.0,0.3,30.9
3,1,0.83,5.0,0.5,0.5,0.0,0.0,0.3,6.3
3,1,1.92,10.0,0.5,0.5,0.0,0.0,0.3,11.3
3,1,3.06,11.5,0.5,0.5,2.56,0.0,0.3,15.36
3,1,2.18,14.0,1.0,0.5,3.16,0.0,0.3,18.96
3,1,6.0,19.0,0.5,0.5,0.0,0.0,0.3,20.3
3,1,0.58,14.5,0.5,0.5,0.0,0.0,0.3,15.8
3,1,0.0,36.0,0.0,0.5,0.0,0.0,0.3,36.8
3,1,5.96,18.5,0.5,0.5,2.97,0.0,0.3,22.77
3,1,12.88,38.0,0.0,0.5,5.32,5.54,0.3,49.66
3,1,1.49,11.5,1.0,0.5,0.0,0.0,0.3,13.3
3,1,2.6,10.5,0.0,0.5,0.0,0.0,0.3,11.3
3,1,0.67,5.0,0.0,0.5,0.0,0.0,0.3,5.8
3,1,2.95,11.5,0.5,0.5,0.0,0.0,0.3,12.8
3,1,1.56,16.5,0.0,0.5,2.77,0.0,0.3,20.07
3,1,0.43,3.5,0.0,0.5,0.65,0.0,0.3,4.95
3,1,1.15,7.5,0.5,0.5,0.0,0.0,0.3,8.8
3,1,2.67,13.5,0.5,0.5,0.0,0.0,0.3,14.8
3,1,1.86,9.0,0.5,0.5,0.0,0.0,0.3,10.3
3,1,1.18,9.0,1.0,0.5,2.7,0.0,0.3,13.5
3,1,2.06,17.5,0.0,0.5,0.0,0.0,0.3,18.3
3,1,2.85,12.0,0.0,0.5,2.56,0.0,0.3,15.36
3,1,0.0,2.5,0.0,0.5,0.0,0.0,0.3,3.3
3,1,3.77,20.5,0.0,0.5,3.2,0.0,0.3,24.5
3,1,0.71,5.5,0.0,0.5,0.0,0.0,0.3,6.3
3,1,11.15,35.0,0.0,0.5,0.0,5.54,0.3,41.34
3,1,9.66,38.0,0.5,0.5,0.0,0.0,0.3,39.3
3,1,1.1,6.0,0.5,0.5,0.07,0.0,0.3,7.37
3,1,1.53,8.5,0.0,0.5,0.0,0.0,0.3,9.3
3,1,1.93,8.0,0.5,0.5,2.79,0.0,0.3,12.09
3,1,0.89,5.5,0.0,0.5,1.26,0.0,0.3,7.56
3,1,1.75,9.0,0.5,0.5,2.06,0.0,0.3,12.36
3,1,2.04,10.5,0.0,0.5,0.0,0.0,0.3,11.3
3,1,1.08,7.5,0.0,0.5,0.0,0.0,0.3,8.3
3,1,1.59,8.0,0.5,0.5,1.4,0.0,0.3,10.7
3,1,1.16,5.5,0.5,0.5,0.0,0.0,0.3,6.8
3,1,0.56,4.0,0.5,0.5,0.0,0.0,0.3,5.3
3,1,0.83,6.5,0.0,0.5,1.46,0.0,0.3,8.76
3,1,1.93,13.5,0.0,0.5,0.0,0.0,0.3,14.3
3,1,18.7,52.0,0.0,0.5,0.0,5.54,0.3,58.34
3,1,0.5,5.5,0.5,0.5,0.0,0.0,0.3,6.8
3,1,2.89,13.0,1.0,0.5,2.22,0.0,0.3,17.02
3,1,0.72,7.5,0.0,0.5,2.08,0.0,0.3,10.38
3,1,0.47,11.5,0.0,0.5,0.0,0.0,0.3,12.3
3,1,1.38,8.5,0.5,0.5,0.0,0.0,0.3,9.8
3,1,5.49,19.5,0.5,0.5,0.0,0.0,0.3,20.8
3,1,1.39,10.5,0.0,0.5,0.0,0.0,0.3,11.3
3,1,1.3,10.5,0.0,0.5,2.03,0.0,0.3,13.33
3,1,17.92,52.0,0.0,0.5,0.0,0.0,0.3,52.8
3,1,1.86,14.5,0.0,0.5,0.0,0.0,0.3,15.3
3,1,0.3,6.0,1.0,0.5,0.0,0.0,0.3,7.8
3,1,1.21,7.5,0.0,0.5,0.0,0.0,0.3,8.3
3,1,1.65,8.5,0.0,0.5,0.0,0.0,0.3,9.3
3,1,2.7,12.5,1.0,0.5,1.43,0.0,0.3,15.73
3,1,0.91,9.5,1.0,0.5,2.26,0.0,0.3,13.56
3,1,0.56,4.5,0.0,0.5,0.0,0.0,0.3,5.3
3,1,2.8,12.0,0.0,0.5,1.0,0.0,0.3,13.8
3,1,8.61,31.0,1.0,0.5,0.0,5.54,0.3,38.34
3,1,0.91,7.0,0.0,0.5,1.17,0.0,0.3,8.97
3,1,1.93,8.0,0.5,0.5,0.0,0.0,0.3,9.3
3,1,0.52,4.0,0.0,0.5,0.24,0.0,0.3,5.04
3,1,0.15,3.0,0.0,0.5,0.0,0.0,0.3,3.8
3,1,2.26,10.5,0.5,0.5,1.77,0.0,0.3,13.57
3,1,1.16,6.0,0.5,0.5,0.0,0.0,0.3,7.3
3,1,2.27,13.0,1.0,0.5,0.0,0.0,0.3,14.8
3,1,2.06,8.5,0.5,0.5,0.0,0.0,0.3,9.8
3,1,2.83,13.0,0.0,0.5,0.0,0.0,0.3,13.8
3,1,0.95,6.0,1.0,0.5,0.0,0.0,0.3,7.8
3,1,1.45,7.0,0.5,0.5,0.0,0.0,0.3,8.3
3,1,2.56,12.5,0.5,0.5,0.0,0.0,0.3,13.8
3,1,1.73,10.0,0.0,0.5,10.8,0.0,0.3,21.6
3,1,1.26,7.5,0.0,0.5,0.0,0.0,0.3,8.3
3,1,1.32,12.5,1.0,0.5,0.0,0.0,0.3,14.3
3,1,13.41,40.5,0.0,0.5,6.2,0.0,0.3,47.5
3,1,0.95,10.0,1.0,0.5,2.36,0.0,0.3,14.16
3,1,0.85,6.5,1.0,0.5,0.0,0.0,0.3,8.3
3,1,3.08,11.5,0.5,0.5,1.92,0.0,0.3,14.72
3,1,1.24,7.5,0.0,0.5,1.25,0.0,0.3,9.55
3,1,0.0,3.5,0.0,0.5,0.43,0.0,0.3,4.73
3,1,1.45,9.0,0.5,0.5,0.0,0.0,0.3,10.3
3,1,2.01,9.0,0.5,0.5,0.1,0.0,0.3,10.4
3,1,3.98,14.5,1.0,0.5,0.0,0.0,0.3,16.3
3,1,1.52,12.5,0.0,0.5,0.0,0.0,0.3,13.3
3,1,0.43,4.5,1.0,0.5,0.0,0.0,0.3,6.3
3,1,2.01,9.5,0.0,0.5,2.06,0.0,0.3,12.36
3,1,2.51,12.0,0.5,0.5,1.33,0.0,0.3,14.63
3,1,0.29,4.0,1.0,0.5,0.06,0.0,0.3,5.86
3,1,0.68,4.0,0.0,0.5,0.48,0.0,0.3,5.28
3,1,3.0,24.5,1.0,0.5,0.0,0.0,0.3,26.3
3,1,1.07,5.5,0.0,0.5,0.0,0.0,0.3,6.3
3,1,1.23,7.0,0.0,0.5,0.0,0.0,0.3,7.8
3,1,4.76,21.5,0.5,0.5,3.42,0.0,0.3,26.22
3,1,3.03,12.5,0.5,0.5,0.0,0.0,0.3,13.8
3,1,1.1,5.0,0.5,0.5,0.0,0.0,0.3,6.3
3,1,2.24,10.5,0.0,0.5,2.26,0.0,0.3,13.56
3,1,16.44,52.0,0.0,0.5,0.0,5.54,0.3,58.34
3,1,6.82,21.5,0.0,0.5,0.0,0.0,0.3,22.3
3,1,3.37,15.0,0.0,0.5,0.0,0.0,0.3,15.8
3,1,1.16,10.0,0.5,0.5,0.0,0.0,0.3,11.3
3,1,7.13,21.5,0.0,0.5,3.35,0.0,0.3,25.65
3,1,1.52,9.0,1.0,0.5,2.16,0.0,0.3,12.96
3,1,0.82,6.0,0.0,0.5,0.0,0.0,0.3,6.8
3,1,2.02,10.0,0.5,0.5,2.26,0.0,0.3,13.56
3,1,4.08,18.0,1.0,0.5,0.0,0.0,0.3,19.8
3,1,2.24,10.5,0.5,0.5,1.77,0.0,0.3,13.57
3,1,1.47,10.0,0.0,0.5,2.16,0.0,0.3,12.96
3,1,1.53,11.0,0.0,0.5,0.0,0.0,0.3,11.8
3,1,1.24,8.0,0.0,0.5,0.88,0.0,0.3,9.68
3,1,8.85,34.0,1.0,0.5,0.0,5.54,0.3,41.34
3,1,1.64,8.5,0.0,0.5,0.0,0.0,0.3,9.3
3,1,0.51,5.5,1.0,0.5,0.0,0.0,0.3,7.3
3,1,0.63,5.0,1.0,0.5,0.0,0.0,0.3,6.8
3,1,2.78,13.0,0.0,0.5,0.0,0.0,0.3,13.8
3,1,11.77,34.5,0.5,0.5,6.2,5.54,0.3,47.54
3,1,1.41,8.5,0.5,0.5,0.0,0.0,0.3,9.8
3,1,1.47,7.0,0.0,0.5,0.0,0.0,0.3,7.8
3,1,0.94,6.0,0.0,0.5,0.0,0.0,0.3,6.8
3,1,15.87,52.0,0.0,0.5,11.67,5.54,0.3,70.01
3,1,0.43,4.0,1.0,0.5,0.0,0.0,0.3,5.8
3,1,1.03,9.5,0.0,0.5,0.0,0.0,0.3,10.3
3,1,0.47,4.0,0.0,0.5,0.0,0.0,0.3,4.8
3,1,0.57,4.5,0.0,0.5,0.27,0.0,0.3,5.57
3,1,7.98,23.0,0.5,0.5,4.48,5.54,0.3,34.32
3,1,0.67,8.0,0.0,0.5,1.76,0.0,0.3,10.56
3,1,0.77,6.0,0.0,0.5,0.07,0.0,0.3,6.87
3,1,1.71,7.5,0.5,0.5,0.0,0.0,0.3,8.8
3,1,1.07,5.5,0.5,0.5,1.36,0.0,0.3,8.16
3,1,1.83,11.0,0.0,0.5,2.36,0.0,0.3,14.16
3,1,1.75,13.0,0.0,0.5,2.76,0.0,0.3,16.56
3,1,6.65,24.5,1.0,0.5,0.0,0.0,0.3,26.3
3,1,1.48,7.0,0.0,0.5,0.0,0.0,0.3,7.8
3,1,0.67,5.0,1.0,0.5,0.68,0.0,0.3,7.48
3,1,1.75,7.5,0.5,0.5,0.0,0.0,0.3,8.8
3,1,2.33,9.0,0.5,0.5,10.3,0.0,0.3,20.6
3,1,1.17,8.0,0.5,0.5,0.0,0.0,0.3,9.3
3,1,0.83,7.5,0.0,0.5,0.0,0.0,0.3,8.3
3,1,15.79,52.0,0.0,0.5,8.75,5.54,0.3,67.09
3,1,0.0,58.0,0.0,0.5,0.0,0.0,0.3,58.8
3,1,0.64,5.5,0.0,0.5,1.26,0.0,0.3,7.56
3,1,0.61,4.5,0.5,0.5,0.0,0.0,0.3,5.8
3,1,2.53,14.0,0.5,0.5,1.53,0.0,0.3,16.83
3,1,2.06,11.5,0.0,0.5,0.0,0.0,0.3,12.3
3,1,0.4,4.0,0.5,0.5,0.0,0.0,0.3,5.3
3,1,0.77,8.0,0.0,0.5,1.76,0.0,0.3,10.56
3,1,6.06,21.0,0.0,0.5,0.0,0.0,0.3,21.8
3,1,0.83,8.5,0.0,0.5,0.0,0.0,0.3,9.3
3,1,1.53,7.5,0.5,0.5,0.0,0.0,0.3,8.8
3,1,2.32,10.0,0.5,0.5,1.13,0.0,0.3,12.43
3,1,0.79,5.0,0.5,0.5,1.0,0.0,0.3,7.3
3,1,0.84,6.0,0.5,0.5,1.46,0.0,0.3,8.76
3,1,2.14,9.0,0.0,0.5,0.0,0.0,0.3,9.8
3,1,6.99,25.5,0.5,0.5,0.0,0.0,0.3,26.8
3,1,0.67,6.5,1.0,0.5,1.66,0.0,0.3,9.96
3,1,1.65,8.5,0.0,0.5,0.09,0.0,0.3,9.39
3,1,4.26,14.5,0.5,0.5,0.0,0.0,0.3,15.8
3,1,0.27,3.0,1.0,0.5,0.72,0.0,0.3,5.52
3,1,17.01,48.0,17.5,0.5,12.39,16.0,0.6,94.99
3,1,5.82,26.0,0.0,0.5,0.0,0.0,0.3,26.8
3,1,11.63,43.0,0.0,0.5,14.8,5.54,0.3,64.14
3,1,3.62,15.5,0.0,0.5,0.0,0.0,0.3,16.3
3,1,2.76,11.5,0.5,0.5,2.56,0.0,0.3,15.36
3,1,1.17,6.0,0.5,0.5,0.0,0.0,0.3,7.3
3,1,0.92,6.0,0.0,0.5,0.0,0.0,0.3,6.8
3,1,16.99,52.0,0.0,0.5,8.75,5.54,0.3,67.09
3,1,1.6,9.0,1.0,0.5,0.0,0.0,0.3,10.8
3,1,0.35,3.5,0.5,0.5,0.0,0.0,0.3,4.8
3,1,5.33,19.0,0.5,0.5,0.0,0.0,0.3,20.3
3,1,18.06,52.0,0.0,0.5,8.75,5.54,0.3,67.09
3,1,1.26,8.5,0.0,0.5,0.0,0.0,0.3,9.3
3,1,0.65,4.0,1.0,0.5,0.58,0.0,0.3,6.38
3,1,0.9,5.5,0.5,0.5,0.0,0.0,0.3,6.8
3,1,2.1,9.5,0.5,0.5,2.16,0.0,0.3,12.96
3,1,1.52,10.0,0.0,0.5,0.0,0.0,0.3,10.8
3,1,1.06,6.0,0.0,0.5,2.04,0.0,0.3,8.84
3,1,1.77,11.5,1.0,0.5,2.66,0.0,0.3,15.96
3,1,1.05,6.0,0.5,0.5,0.0,0.0,0.3,7.3
3,1,0.95,6.0,0.0,0.5,0.0,0.0,0.3,6.8
3,1,9.47,34.5,0.0,0.5,0.0,5.54,0.3,40.84
3,1,0.0,59.0,0.0,0.5,11.96,0.0,0.3,71.76
3,1,1.68,11.5,1.0,0.5,2.0,0.0,0.3,15.3
3,1,0.96,8.5,0.5,0.5,2.94,0.0,0.3,12.74
3,1,5.08,32.5,0.0,0.5,1.67,0.0,0.3,34.97
3,1,2.65,12.0,0.0,0.5,0.0,0.0,0.3,12.8
3,1,3.54,13.5,1.0,0.5,0.0,0.0,0.3,15.3
3,1,1.1,9.0,1.0,0.5,0.0,0.0,0.3,10.8
3,1,4.35,15.5,0.5,0.5,1.18,0.0,0.3,17.98
3,1,1.31,6.5,1.0,0.5,0.0,0.0,0.3,8.3
3,1,2.56,13.0,0.0,0.5,0.0,0.0,0.3,13.8
3,1,3.7,15.0,0.5,0.5,0.0,0.0,0.3,16.3
3,1,1.45,8.5,0.0,0.5,0.0,0.0,0.3,9.3
3,1,0.89,5.5,0.5,0.5,0.0,0.0,0.3,6.8
3,1,1.71,9.5,0.0,0.5,2.06,0.0,0.3,12.36
3,1,0.0,2.5,0.0,0.5,0.0,0.0,0.3,3.3
3,1,0.89,6.0,0.5,0.5,0.0,0.0,0.3,7.3
3,1,4.06,16.0,0.5,0.5,3.46,0.0,0.3,20.76
3,1,0.64,4.0,0.0,0.5,0.96,0.0,0.3,5.76
3,1,2.83,19.0,0.0,0.5,3.96,0.0,0.3,23.76
3,1,0.57,6.5,0.0,0.5,1.75,0.0,0.3,9.05
3,1,0.49,4.5,0.0,0.5,1.06,0.0,0.3,6.36
3,1,1.78,9.5,0.5,0.5,1.62,0.0,0.3,12.42
3,1,0.78,6.0,0.5,0.5,0.07,0.0,0.3,7.37
3,1,1.15,8.0,1.0,0.5,0.1,0.0,0.3,9.9
3,1,1.04,8.0,0.0,0.5,0.0,0.0,0.3,8.8
3,1,1.18,6.5,0.0,0.5,0.0,0.0,0.3,7.3
3,1,1.31,8.5,0.0,0.5,1.4,0.0,0.3,10.7
3,1,17.94,52.0,0.0,0.5,0.0,0.0,0.3,52.8
3,1,1.13,6.5,0.5,0.5,0.0,0.0,0.3,7.8
3,1,0.62,5.0,1.0,0.5,0.0,0.0,0.3,6.8
3,1,1.27,7.5,0.0,0.5,0.0,0.0,0.3,8.3
3,1,0.91,6.0,1.0,0.5,0.0,0.0,0.3,7.8
3,1,2.01,9.0,0.5,0.5,0.0,0.0,0.3,10.3
3,1,0.79,9.0,1.0,0.5,0.0,0.0,0.3,10.8
3,1,0.0,20.0,0.0,0.5,0.0,0.0,0.3,20.8
3,1,1.26,7.0,0.0,0.5,0.0,0.0,0.3,7.8
3,1,3.8,15.0,0.0,0.5,0.0,0.0,0.3,15.8
3,1,0.94,6.0,1.0,0.5,0.0,0.0,0.3,7.8
3,1,1.23,7.0,1.0,0.5,0.0,0.0,0.3,8.8
3,1,2.32,10.0,0.5,0.5,0.0,0.0,0.3,11.3
